이름,견종,나이,들어온 날짜,체중,소개동영상,입양상태,성별,특징
정금(마포센터-임시보호가능),믹스,4(세) 4(개월),2023-09-14,4.86,https://youtu.be/MlRBgMDh6Oc,N,https://youtu.be/MlRBgMDh6Oc,"사람을 매우 좋아하는 깨방정 강아지 정금이예요!정금이는 작년 8월에 유기되어 시보호소에서 9월초에 입양갔으나올해 9월 중반 1년만에 파양당하여 다시 시보호소로 왔습니다.며칠 전까지만해도 평생을 지켜줄 가족이라고 믿던 사람들과 함께 집에서 지내다갑자기 낯선 보호소로 이동되어 혼란하고 불안해서 그런지 잔뜩 웅크려있고 산책도 못하고하네스도 어색하게 받아드렸어요.센터에 입소후 관찰한 정금이는 사람을 매우 좋아하고 깨방정 활달한 친구입니다.장난감도 좋아하고 호기심도 많아 이곳 저곳 탐색하길 즐겨해요. 산책 경험이 부족한 듯 보이는데 지나가는 개들에게 덤벼듭니다.입양후 지속적으로 외부환경에 둔감화 훈련과 함께 산책훈련을 시행해 주셨으면 좋겠습니다.순하고 착하고 어린 나이답게 매우 활발하고 명랑합니다 :)방긋 방긋 웃어주며 반겨줍니다.^^ 질투가 있고 강아지들과의 사회성이 부족해 외동으로 입양가면 좋겠습니다.털빠짐은 다소 많은 편이예요.패드배변 훈련 진행중입니다. 기본 지시어 훈련은 되어 있는 듯 보여요, 곧 잘 합니다.살짝 엄살이 있지만 입질 등 공격성 성향은 없습니다.처음 반려견을 맞이하는 가족 또는 영유아 이상의 자녀를 가진 가정 등어느가정과도 적합합니다.사람을 무척 좋아하고 이미 유기와 파양을 경험하였기 때문에 입양후 분리불안이 있을 수 있습니다.명석하고 에너제틱한 아이라서 집안에 활기를 불어넣어줄거예요.실외 산책 등 많은 경험을 해주시면 좋겠습니다.앞으로 어떤 상황에서도 포기하지 않고 책임있게 관리하고 곁을 지켜주실 가족을 기다립니다.아이들과 자원봉사자님과의 다양한 일상은 네이버 카페 자원봉사 후기 게시판을 통해 확인 가능합니다.정금이의 다양한 사진과 영상, 자원봉사자님과의 다양한 일상은 네이버 카페 자원봉사 후기 게시판을 통해 확인 가능합니다.카페클릭! -&gt;서울동물복지지원센터 : 네이버 카페 (naver.com)"
지구(마포센터),믹스,2(세) 5(개월),2024-09-06,4.58,https://youtu.be/uIx0talYg1M,N,https://youtu.be/uIx0talYg1M,"겁 많지만, 호기심도 많은 사람을 좋아하는 찡찡보 지구예요!(짖기보다는 요구성 낑낑~)얼마전 입양간 앙꼬와 같은집으로 (강북 애니멀호딩견) 중 하나인 지구는 앙꼬처럼 말이 많아요 ㅎㅎㅎ입소당시 낯선 환경에 매우 겁에 질려서 짖음은 커녕 낑소리조차 내지 않았지만, 3주정도 된 지금 사람이 좋아서 낑낑댈 정도로 적응 됐어요.공격성도 없고 새하얀 도화지처럼 아무것도 모르는 하룻강아지 지구!덩치만 큰 새끼 강아지처럼 훈련과 관리를 해주시면 좋겠습니다.다른 강아지 친구들과도 잘 지내고 밥도 잘먹어요!아직 기본적인 목욕이나 패드배변 등 어색어색~열심히 배우고 있습니다~:)입양후 여러 외부활동을 통해 자극에 대한 둔감화및 사회화를 시켜주시면 좋아요.지구는 수십마리의 강아지들이 오물과 함께 섞여있는 열악한 환경에서 지냈습니다.우리가 생각하는 기본적인 관리는 커녕 밥도 마음껏 먹지 못해 마른 상태구요.(기본적인 생존싸움을 하던 아이라서 식탐이 많은건 이때문일거예요.)워낙 순한 아이라서 처음 반려견을 맞이하는 가정, 영유아 이상의 자녀 가정,사회성이 좋은 반려견이 있는 가정 등 어느가정과도 적합합니다.(단, 고양이 사회성은 좋지 않으므로 반려묘가정과는 부적합합니다.) 슈나우져처럼 잘생긴 우리 지구~이번 프로필 사진을 찍기위해 실외로 나온 것이 첫 나들이입니다.한걸음 한걸음 내딛는 발걸음에는 겁이 뭍어나지만, 우리 가족님과 함께라면위풍당당 지구가 될 수 있어요.다채롭게 지구를 채워주실 평생 가족을 기다립니다.아이들과 자원봉사자님과의 다양한 일상은 네이버 카페 자원봉사 후기 게시판을 통해 확인 가능합니다.지구의 다양한 사진과 영상, 자원봉사자님과의 다양한 일상은 네이버 카페 자원봉사 후기 게시판을 통해 확인 가능합니다.카페클릭! -&gt;서울동물복지지원센터 : 네이버 카페 (naver.com)"
럭키(구로센터),코리안숏헤어,0(세) 2(개월),2024-10-29,0.65,https://youtu.be/yJX_LL4F57I,N,https://youtu.be/yJX_LL4F57I,"[ 성격 ]호기심 많고 에너지가 넘치며 활달한 성격의 장난기 많은 럭키입니다.​호기심이 많아 여기저기 탐색하기를 좋아하며 사람을 좋아해서 눈만 마주쳐도 골골거리며 반겨주고 애교 있는 모습을 보여줍니다.​비키와 형제로 추정되며 앙증맞은 외모를 지니고 있는 럭키입니다.​어린 고양이답게 장난감에 관심이 많아 혼자서도 잘 가지고 놀며 특히 사람이 가지고 놀아주면 오랫동안 쉬지 않고 뛰어다닐 정도로 매우 활발하고 에너지가 넘칩니다.​​귀와 코가 붉어질 때까지 지치지 않고 뛰어다니는 편입니다.​사료도 아주 잘 먹는 먹성 좋은 고양이입니다.​장난감 욕심이 많아 한번 물면 놓지 않으려는 사냥꾼의 기질도 있습니다.​같은 또래의 아기 고양이 비키와 재밌게 뛰어놀고큰 고양이와도 금방 어울리기도 하며 낯선 상황에 적응력이 좋습니다. ​사진 속 오른쪽 어깨는 큰 상처로 인해 치료 후 털이 덜 자란 부위이며차츰 털이 자라고 있는 상태입니다.​머리 위에 링웜이 있어 현재 연고를 발라주고 있는 상황이며차츰 나아가고 있으나 아직은 꾸준하게 소독, 연고를 발라주면서 관리해줘야 합니다.사람도 링웜에 걸릴 수 있어 주의가 필요합니다.​가장 활발하고 장난기 많은 시기이기 때문에 어린 고양이의 에너지를 감당하실 수 있는 가정,집안 이곳저곳 올라다니고 뛰어다녀도 괜찮은 배려심 많은 가정에 적합합니다.​​(고양이를 키우고 있는 가정은 현재 집에 있는 고양이가다른 고양이와 어울릴 수 있는 성격인지 고려해보시고,합사 방법에 대해 충분히 공부한 후 신청해주시기 바랍니다.)​​​서울고양이입양카페 입양 신청 방법 ▼https://cafe.naver.com/seoulcatcafe/787​​[ 서울고양이입양카페 인스타그램 ]ID : seoulcatcafe주소 : https://www.instagram.com/seoulcatcafe/​​[ 서울고양이입양카페 트위터 ]ID : @seoulcatcafe주소 : https://twitter.com/seoulcatcafe​​​​입양 상담 및 문의 전화 번호 : 02-2636-7650, 02-2636-7649, 02-2636-7645"
나플(마포센터-입양전제임시보호만가능),믹스,2(세) 10(개월),2024-02-01,6,https://youtu.be/A4rYWG9aJk8,P,https://youtu.be/A4rYWG9aJk8,"소심하고 차분하지만 빙그레 웃는 웃상 작은 발바리 나플이예요~남주와 함께 센터로 입소했습니다.(애니멀 호딩 견 출신입니다.)입소당시 사람을 많이 무서워하고 숨어있기 바빴던 작은 강아지는 남주와 마찬가지로 심장사상충에 감염되어 있었고 현재 치료 완료되었습니다. (24.09.11 치료완료) **장기체류 임시보호 가능하며 현재 가정에서 임시보호 중입니다.-&gt; 가정에서 생활은 임시보호 게시판 참고해주세요입양전제 임시보호 가능합니다.다른 강아지들과 문제없이 잘 지내고 남주처럼 조용 조용 가만히 있는 소심이예요.현재 임시보호 가정에 있는 가을이에게 붙어 조용히 잘 지낸다고 해요!분리불안도 없고 있는 듯 없는듯,~털에 예민한 가정의 경우 입양 또는 임시보호에 신중하게 신청해주세요.워낙 순하고 착한 친구라서 영유아제외한 자녀가 있는 가정, 처음 반려견을 맞이하는 가정 등 어느가정과도 적합합니다.반려묘가 있는 가정에는 적합하지 않습니다.겁이 많고 소심한 친구라서 반려견이 있는 가정이 제일 좋으며천천히 마음을 열도록 기다려주시면 돼요.간식을 좋아하며 심장사상충 치료가 끝났으므로 열심히 산책 훈련 시작을 한다고 합니다~순둥순둥~ 미소공주 나플의 평생가족을 기다립니다.  아이들과 자원봉사자님과의 다양한 일상은 네이버 카페 자원봉사 후기 게시판을 통해 확인 가능합니다.  나플의 가정에서의 생활등 다양한 사진과 영상, 자원봉사자님과의 다양한 일상은 네이버 카페 자원봉사 후기 게시판을 통해 확인 가능합니다.카페클릭! -&gt;서울동물복지지원센터 : 네이버 카페 (naver.com)"
라이(동대문센터-입양상담가능),믹스,2(세) 11(개월),2024-09-07,5.2,https://youtu.be/FaREyzvKZ-Y,N,https://youtu.be/FaREyzvKZ-Y,"[ 입소 히스토리 ]지난 6월에 강북구 애니멀 호더로부터 약 80여 마리의 개들이 구조되었고,그 중 13마리 아이들이 총 4차례에 나누어 동대문 동물복지지원센터에 입소하였습니다.(1차 콩자 / 2차 금동, 밤비 / 3차 쿵야, 베니, 제티, 하티, 베리 / 4차 라이, 봉이, 선달, 빅터, 이온)전주인은 수십 마리의 아이들을 중성화 수술도 하지 않은 채 방치하였고,그 결과 개체수는 80여 마리까지 불어나 걷잡을 수 없게 되었습니다.좁은 공간에서 뒤엉켜 자란 아이들...구조 당시 아이들은 관리를 받지 못해 악취가 심했고, 많은 아이들이 심장사상충 등 질병에 노출되어 있었습니다.사람에 대한 경계도 심해 짖거나 구석에 가서 숨는 등 대부분 무서워하는 모습을 보였습니다.모두 사람의 손길을 타지 않은 친구들이며, 손만 봐도 지레 겁을 먹는 아이들입니다.이런 아수라장 속에서 저희 동대문 센터를 비롯하여 여러 동물보호단체 및 시민분들이 도움의 손길을 뻗었으며개중 몇몇은 새로운 가족을 만난 개체들도 있습니다.그러나 남은 아이들은 구조되었음에도 불구하고 갈 곳이 없어 결국 구조된 장소에 보호처를 마련하였고,여전히 많은 아이들이 그 곳에서 보호받으며 새로운 가족이 오길 기다리고 있습니다.[ 라이는요, ]라이는 봉이, 선달, 빅터, 이온과 함께 9월 초에 입소한 아이입니다.입소동기 중 빅터, 이온이랑 동배로 추정하고 있어요.식욕이 엄청나게 좋아서 사료를 주면 야무지게 잘 먹어요.하지만 같이 입소한 친구들 중에서 겁이 가장 많은 친구라, 사람이 있을 때는 밥을 잘 먹지 않아요.겁이 많은 데다 소심한 면도 있어서, 구석으로 들어가려는 모습을 보여요.아직은 밖으로 나오는 것을 무서워하지만, 호기심이 많아서 혼자 나오면 여기저기 기웃거려요.수십 마리가 엉켜서 살던 환경 때문인지 기본적으로 몸이 항상 낮춰져 있으며 기어다니다시피 걸어요.너무 안타까운 건, 한 번도 개껌을 먹어보지 않아서 먹을 줄을 몰라요...라이는 아직까지 사람에 대한 경계심이 조금 있어요.사람과의 스킨십이 어려운 친구라 천천히 다가가려는 노력이 필요해요.입양 후 새로운 환경에서도 충분히 시간을 갖고 라이가 다가오기를 기다려주어야 합니다.라이는 강아지를 키워본 가정에 적합하며, 외동으로 가는 게 좋아요.인내심이 강하고, 훈련도 꾸준하게 해주실 수 있는 보호자님이라면 라이와 행복한 반려가족이 되리라 생각합니다.사랑스런 라이의 평생가족을 기다립니다.네이버 카페에서 라이의 좀 더 다양한 모습을 만나볼 수 있어요: https://cafe.naver.com/seoulanimalcare/7189"
패리스(구로센터),코리안숏헤어,0(세) 4(개월),2024-10-29,1.8,https://youtu.be/wCrnKp35chE,N,https://youtu.be/wCrnKp35chE,"[ 성격 ]코에 삼각형 모양으로 늘어져 있는 치즈 무늬가 매력적인 패리스는 사람을 보면 야옹야옹 거리며 눈인사를 해주는 다정한 성격입니다. 사람에게 친근한 편으로 만져주 것을 좋아하고손길이 닿으면 몸을 이리저리 비비면서 골골송을 불러줍니다. 차분하고 온순한 성격으로 호기심도 많은 편으로, 장난감으로 놀아주는 것을 좋아하고 특히 움직이는 장난감에는 높은 집중력을 보이며 사냥꾼의 면모를 보여줍니다.장난감을 한번 물면 놓지 않고 지키려고 하는 소유욕도 가지고 있습니다. ​스킨십에는 크게 예민하지 않은 편이라 기본 관리(발톱 관리, 목욕 등) 진행 시에 수월한 편입니다.​입맛도 까다롭지 않고 사료도 아주 잘 먹습니다.​다른 고양이와의 사회성은 무난한 편으로처음 보는 큰 고양이나 또래 고양이와 쉽게 어울리고먼저 놀자고 장난도 치는 적극적인 성격입니다.​ 애교 많고 친근한 성격으로 처음 입양을 고려하고 있는 가정에도 어울리며에너지가 활발하고 장난기 많은 시기이기 때문에어린 고양이의 에너지를 감당할 수 있는 가정,집안 이곳저곳 올라 다니고 뛰어다녀도 괜찮은 배려심 많은 가정에 어울립니다.​​​(고양이를 키우고 있는 가정은 현재 집에 있는 고양이가다른 고양이와 어울릴 수 있는 성격인지 고려해보시고,합사 방법에 대해 충분히 공부한 후 신청해주시기 바랍니다.)​​​서울고양이입양카페 입양 신청 방법 ▼https://cafe.naver.com/seoulcatcafe/787​​[ 서울고양이입양카페 인스타그램 ]ID : seoulcatcafe주소 : https://www.instagram.com/seoulcatcafe/​​[ 서울고양이입양카페 트위터 ]ID : @seoulcatcafe주소 : https://twitter.com/seoulcatcafe​​​​입양 상담 및 문의 전화 번호 : 02-2636-7650, 02-2636-7649, 02-2636-7645"
수여미(마포센터),코리안숏헤어,0(세) 6(개월),2024-07-11,3.07,https://youtu.be/JaaYHeMnyG4,N,https://youtu.be/JaaYHeMnyG4,"진정 사냥꾼의 면모가 돋보이는 어린 고냥이 수여미예요!수여미는 센터 입소 후 얼마되지 않아 칼리시 양성으로(입소당시 잠복기로 추정) 치료를 했고현재 완치되었습니다(24.08.22)입소때부터 매우 활발하고 사람을 좋아한 친구였는데 병원에서 치료하는 1달여기간동안강아지를 봐도 두려움은 커녕 맹수로 제압하려는 모습까지 보이는 용맹함까지 터득했답니다~ :)아구작 아구작 밥도 잘 먹고 화장실 청소하는 직원에게 서슴없이 덤벼 앙앙대며 한시도 가만히 있지 않아요.분명 입양간 후 우다다를 즐기는 아이로 넘치는 에너지를 집사에게 분출할 것 같아요.야옹 야옹~ 말도 많고 반갑다고 이마 박치기하며 마중도 나오는 친구예요!물론 잘생긴 감자와 고구마 캐는 재미는 쏠쏠하구요!(다른 강아지나 고양이는 싫어해요~ 외동으로 입양가야됩니다!)스킨십을 가만히 받아드리기보다는 앙앙 대며 놀자고 입장난을 하기 때문에 입양 후 적절한 장난감으로 놀아주시면 좋을 것 같습니다.(어린 자녀에게 앙앙대다 피부 상처가 날 수도 있습니다.)호기심이 많아서 벽이던 스크레쳐든 가리지 않고 정복하는 스타일이며콧점이 매력적이게 수염처럼 나서 이름도 수여미랍니다~^^아직 어리기 때문에 중성화 수술을 하지 않았으며 중성화 수술 미동의시 입양 불가합니다.*칼리시 감염 치료를 했으므로 외동으로 입양 추천드립니다.고양이는 강아지보다 털빠짐이 더 심한 동물로 털에 민감한 가족의 경우 입양전병원 진료등을 통해 입양준비 부탁드립니다.처음 반려묘를 맞이하는 가정이나 중학생이상의 자녀가정, 성인으로 구성된 가족에 적합합니다.하루 하루 무럭 무럭 건강히 자라고 있는 날쌘돌이 수여미의 평생가족을 기다립니다.아이들과 자원봉사자님과의 다양한 일상은 네이버 카페 자원봉사 후기 게시판을 통해 확인 가능합니다.수여미의 다양한 사진과 영상, 자원봉사자님과의 다양한 일상은 네이버 카페를 통해 확인 가능합니다.카페클릭! -&gt;서울동물복지지원센터 : 네이버 카페 (naver.com)"
버터(마포센터-임시보호가능),푸들,12(세) 5(개월),2022-06-10,3.29,https://youtu.be/DaBFSsg-ZZY,N,https://youtu.be/DaBFSsg-ZZY,"구조당시 뒷다리에 고름이 차있어 응급으로 배농치료와 함께 호흡기 치료를 했어요.심하게 오염되고 엉킨 털을 제거하고 나니 조그맣고 마른 몸을 지닌 노견.노화로 인해 피부도 좋지 않고 당뇨병이 심해 인슐린 주사를 맞고 있어요.(당뇨병으로 인해 인슐린 주사는 평생 맞아야 됩니다.)젊었을 적 예쁘다는 소리를 많이 들은 듯,버터는 예쁘다라는 소리와 함께 안아주면 뽀뽀도 해주고 응석도 부립니다.하지만, 싫어하는 행동(병원적 처치 등)을 하거나 뭐에 토라지면 입질을 하는 등약간 깐깐한 성격도 살짝 보이기도 합니다.대개 나이가 들면서 살짝 꼬장기(?)가 늘어나긴 하는데우리 버터는 예전부터 싫은 것을 할 땐 입질을 했던 듯 보입니다.살짝 달래면서 하면 심하진 않아요...당뇨와 노환으로 인해 몸상태가 많이 안좋았던 버터는 3개월 정도 살 찌우며 어느 정도 몸을 만든 후중성화 수술을 했습니다.나이들고 아파서 유기된 버터,하지만, 젊을 적 사랑받았던 기억으로 아직도 예쁘단 소리에 즐거워하는 작은 친구예요.패드 배변을 하지만 실수가 있어요.다른 강아지들과 잘 어울리지 않고 혼자 있는 것을 좋아합니다.푹신한 방석에 누워 종일 잠을 자는 친구예요.(단 먹을 때만 밥달라고 멍멍 한답니다~)먹는 것을 매우 좋아하지만, 당뇨가 있어 식이관리가 필요하며 처방식 사료를 급여하고 있어요.하루 두번 인슐린 주사를 맞아야 되기 때문에집에 항시 사람이 있는다인 가족이거나버터와 같이 있는 시간이 긴 가족이 적합합니다.**호스피스 임시보호 개체 치료는 센터에서 지원합니다.하루 두 번 센터에 방문하여 인슐린 주사를 맞아야 됩니다.센터에서 2살을 더 먹었어요, 길지 않을 버터의 남은 견생센터의 작은 사자, 버터에게 가정의 온기를 나눠주실 가족을 기다립니다.**호스피스 임시보호 문의 02-2124-2839서울동물복지지원센터 공식 카페 https://cafe.naver.com/seoulanimalcare "
츄파(마포센터),믹스,3(세) 7(개월),2024-10-14,4.87,https://youtu.be/1M2d7QAlONs,N,https://youtu.be/1M2d7QAlONs,"매우 매우 겁이 많고 소심하지만 호기심 많은 귀염둥이 츄파예요.츄파는 쵸이와 함께 올해 10월 강북 애니멀호딩견 가족으로부터 구조된 친구예요.츄이보다 더 많이 겁많고 숨어있기 바쁜 친구라서 당장 입양공고를 올리기보단센터에서 사람과의 친화성, 기본관리, 일상생활의 둔감화등이 필요했어요.아직도 얼어서 기본 목욕이나 발톱깎기는 쉬운편이지만 과도한 스트레스에 노출시키지 않기 위해익숙한 직원이 관리하고 있습니다.워낙 지냈던 환경이 열악했기 때문인지 아직도 식분이나 하울링등을 해요.패드배변이나 이동장 훈련도 천천히 시도하고 있습니다.(아직 패드배변은 안되고 있어요)입양후 많은 훈련과 시간이 필요한 친구예요.귀여운 외모지만, 생각보다 훈련 기간이 오래 걸릴 수도 있고 잘 안될 수도 있습니다.또한 삼안검 수술을 했는데 면역이 떨어지면 또다시 생길 수 있어요.털빠짐은 다소 많은 편이지만 비단결처럼 부드러워요.밥은 천천히 근처에 두면 잘 먹어요.낯선 공간에서는 구석에 숨어서 관찰하기 바쁜 친구지만, 조금씩 마음을 열고 있습니다.영유아 이상의 자녀와 활발한 자녀가 있는 가정보다는 차분한 가정이 적합합니다.또한 사회성 좋은 반려견이 있는 가정도 좋습니다.천천히 적응할 시간을 많이 주셔야 돼요, 산책도 바로는 안될 거예요.충분히 시간이 필요한 아이인만큼 조급한 성격의 가족은 적합하지 않습니다.하얀 도화지같은 츄파에게 알록 달록 화려한 세상의 아름다움과 즐거움을알려주실 평생 가족을 기다립니다.아이들과 자원봉사자님과의 다양한 일상은 네이버 카페 자원봉사 후기 게시판을 통해 확인 가능합니다.  츄파의 다양한 사진과 영상은 카페를 통해 확인할 수 있습니다. 카페 클릭!--&gt;서울동물복지지원센터 : 네이버 카페서울동물복지지원센터 공식 카페 https://cafe.naver.com/seoulanimalcare"
미소(마포센터-임시보호가능),믹스,3(세) 6(개월),2024-05-22,5,https://youtu.be/pZGEd2ug4Oc,N,https://youtu.be/pZGEd2ug4Oc,"살짝쿵 소심하지만, 해치지 않는 다는 것을 느끼면 살짝쿵 마음을 열어주는착하고 귀여운 짧은 다리 소녀 미소예요~약간 억울(?)+슬픈(?) 표정을 짓는 표정이라 환한 웃음을 지을 수 있게 만들어 주고 싶어 미소란 이름을 지어줬어요.다른 강아지들과 대면 대면 지내고(처음에 낯가림이 있지만 곧 친해집니다.)같이 있기보단혼자있는 것을 좋아하는 독립적인 친구예요.한쪽 귀가 내려간 짝귀를 지닌 얼큰이(얼굴이 큰 아이)인 미소는다리도 매우 한뼘밖에 되지 않을 정도로 짧아 꼬리가 바닥에 닿는 비밀아닌 비밀을 지녔어요 ~ :)보면 볼수록 웃음도 나고 귀여움에 쓰담쓰담을 해주고 싶답니다.하지만, 안타깝게도 현재 심장사상충에 감염되어 있었고 치료 완료되었습니다.(24.12.02)사람과 집안에서 생활해본 경험이 적어보이는 미소는 겁이 많아서 와락 금방 친해지는 아이는 아니예요.천천히 서로에게 적응할 시간이 필요합니다.하지만, 심장사상충 임시보호기간동안(약5개월) 가정임시보호를 통해서 많이 활발해지고 건강해졌어요.밥도 잘먹고 약도 잘먹고~익숙한 공간에서는 꼬리도 하늘을 향해 빙글빙글~임시보호가정에서는 패드배변도 잘했다고 합니다.한쪽 송곳니가 깨져있지만, 식이 등에는 문제없습니다.털이 매우 많이 빠지는 단모종으로 심장사상충 치료기간에는 더 많이 빠질 수 있습니다.털빠짐에 예민한 가족의 경우 신중하게 입양 또는 임시보호 신청 부탁드립니다.소심하고 겁이 많은 친구라서 활발한 자녀가 있는 가정보다는 차분한 자녀 또는 중고등 이상의 자녀가 있는 가정 등이 적합하며 성인가족도 좋습니다.반려견이 있는 가정의 경우 차분하고 사회성이 좋은 반려견 가정이 적합합니다.너무도 친숙한 얼굴을 지닌 작은 친구 미소에게 평생 미소를 짓게 해주세요.*장기체류 임시보호가능하며 입양전제 임시보호 우선으로 진행합니다.물론 입양이 제일 좋습니다!*미소의 가정생활이 궁금하다면 네이버 카페 임시보호 일기 게시판을 참고해주세요~아이들과 자원봉사자님과의 다양한 일상은 네이버 카페 자원봉사 후기 게시판을 통해 확인 가능합니다.미소의 다양한 사진과 영상은 카페 클릭-&gt;입양대기동물(마포센터),서울동물복지지원센터 : 네이버 카페 (naver.com)서울동물복지지원센터 공식 카페https://cafe.naver.com/seoulanimalcare"
모야(입양확정-동대문센터),믹스,0(세) 4(개월),2024-10-10,3.4,https://youtu.be/dLC5bdfxqeQ,P,https://youtu.be/dLC5bdfxqeQ,"[ 입소 히스토리 ]지난 6월에 강북구 애니멀 호더로부터 약 80여 마리의 개들이 구조되었고,그 중 20여마리 아이들이 총 5차례에 나누어 동대문 동물복지지원센터에 입소하였습니다.전주인은 수십 마리의 아이들을 중성화 수술도 하지 않은 채 방치하였고,그 결과 개체수는 80여 마리까지 불어나 걷잡을 수 없게 되었습니다.좁은 공간에서 뒤엉켜 자란 아이들...구조 당시 아이들은 관리를 받지 못해 악취가 심했고, 많은 아이들이 심장사상충 등 질병에 노출되어 있었습니다.사람에 대한 경계도 심해 짖거나 구석에 가서 숨는 등 대부분 무서워하는 모습을 보였습니다.모두 사람의 손길을 타지 않은 친구들이며, 손만 봐도 지레 겁을 먹는 아이들입니다.이런 아수라장 속에서 저희 동대문 센터를 비롯하여 여러 동물보호단체 및 시민분들이 도움의 손길을 뻗었으며개중 몇몇은 새로운 가족을 만난 개체들도 있습니다.그러나 남은 아이들은 구조되었음에도 불구하고 갈 곳이 없어 결국 구조된 장소에 보호처를 마련하였고,여전히 많은 아이들이 그 곳에서 보호받으며 새로운 가족이 오길 기다리고 있습니다.[ 모야는요, ]조용히 곁에 머물러 줄 특별한 친구, '모야'모야는 겁이 많고 소극적인 성격을 가지고 있지만, 그 누구보다도 귀여운 외모와 맑고 투명한 눈동자가 매력적인 친구입니다.모야는 나야의 자견으로, 엄마와 닮아 조용하고 얌전한 성격을 가지고 있으며, 식욕이 왕성해 밥을 맛있게 잘 먹는 아이예요.하지만 아직 사람의 손길에 익숙하지 않아, 조심스럽게 다가가 주는 배려가 필요합니다.모야는 탈모 증세가 있어 털이 풍성하지 않은 편이지만, 그 덕분에 더욱 섬세하고 보드라운 손길로 돌봐주고 싶게 만드는 아이입니다.손길에 대한 두려움이 있지만, 시간을 들여 기다려주면 조용히 다가와 옆에 자리 잡고 있는 모습을 볼 수 있어요.이런 모야의 소극적인 애정 표현은 세상 누구에게도 없는 따스함을 안겨줍니다.특히 쓰다듬어 주는 걸 좋아해 천천히 손길을 내밀면 안심하고 기대는 모습을 보여주곤 하죠.하지만 갑작스러운 소리나 빠른 움직임에는 놀라는 경향이 있어 천천히 접근해 주는 것이 중요해요.모야는 아직 사람과의 소통이 낯설고, 새로운 소리에 민감하게 반응하는 모습을 보입니다.그래서 앞으로 소리에 둔감해지는 훈련과 다양한 행동을 통해 자신감을 쌓는 사회화 교육이 필요해요.새로운 환경에서 적응할 때까지는 보호자의 인내와 따뜻한 배려가 무엇보다 중요합니다.그럼에도 불구하고 모야는 조금씩 마음을 열고 보호자 곁에 천천히 다가와 주는 모습을 보여줍니다.구석에 숨어 조용히 세상을 바라보는 듯한 모야지만, 그 속에는 깊은 애정과 따뜻함이 담겨 있어요.모야와 함께할 새로운 가족이 된다면, 그 조용하고 순수한 마음을 누구보다도 깊이 느낄 수 있을 것입니다.모야에게는 평생의 사랑과 신뢰를 나눌 새로운 가족이 필요합니다.모야를 진심으로 이해하고 천천히 다가가 함께할 준비가 되어 있다면, 모야는 당신에게 평생 동안 소중한 친구가 되어 줄 거예요.사랑스런 모야의 평생가족을 기다립니다.네이버 카페에서 모야의 좀 더 다양한 모습을 만나볼 수 있어요: https://cafe.naver.com/seoulanimalcare/7447"
마크(마포센터),스피츠,5(세) 6(개월),2024-05-22,6.42,https://youtu.be/yoM-LIxuT3g,P,https://youtu.be/yoM-LIxuT3g,"젊잖고 예의바르며 착한 스피츠!잘생긴 흰둥이  강아지 마크랍니다^^기본 패드배변도 어느정도 할 줄 알고 수컷이라서 살짝 마킹도 하지만, 패드에 마킹도 잘해서산책과 패드배변 훈련으로 관리 가능합니다.~:)기본 이미용도 매우 잘 해요~기본 지시어도 잘 따라요!엉킨 털을 빗거나 발톱을 자를때도 공격성없이 지긋히 바라보는 마크랍니다~미용 자원봉사자님께서도 너무 착하게 미용받았다고 칭찬일색!다만 다른 낯선 강아지들이 다가오면 으르르하는데 공격성으로 으르르하는게 아니라다가오지 말라는 경고로 살짝 해요~(센터에서 적응하면서 으르르 경고도 줄어들고 있습니다~:)오랫동안 시보호소에 있으면서 예민해져서 그럴수도 있고,낯선 강아지들에게 어색해서 그럴수도 있지만,워낙 성격이 좋고 센터의 다른 강아지들과도 잘 적응하는 바 센터에 있으면서 사회성 훈련하면 크게 문제 없을 것 같습니다 ^^낯선 사람과도 어색함없이 간식도 잘 받아먹고 산책도 잘하고~중성화 수술이 이미 되어 있던 마크는 입양후 바로 가정에 적응할 수 있어요.털빠짐이 심한 견종에 속하는 스피츠입니다.털빠짐에 예민한 가정의 경우 꼭 병원진료를 통해 신중하게 입양신청 부탁드립니다.영유아 이상의 어린 자녀의 가정, 또는 처음 반려견을 맞이하는 가정,사회성이 좋은(너무 적극적으로 들이대는 강아지가 아닌) 반려견 가정 등 적합합니다.스피츠 견종의 도도한 까칠함이 워낙 유명하지만, 우리 마크만은 그렇지 않아요~착하다고 쓰담 쓰담에 폭 안기는 애정 넘치는 애교까지 지닌 친구랍니다.사랑스러운 백설기 마크의 평생 가족을 기다립니다.  아이들과 자원봉사자님과의 다양한 일상은 네이버 카페 자원봉사 후기 게시판을 통해 확인 가능합니다.  마크의 다양한 사진은 카페클릭!입양대기동물(마포센터),서울동물복지지원센터 : 네이버 카페 (naver.com)서울동물복지지원센터 공식 카페 https://cafe.naver.com/seoulanimalcare"
하티(입양확정-동대문센터),믹스,0(세) 6(개월),2024-08-08,5.8,https://youtu.be/g2osejw3JAw,P,https://youtu.be/g2osejw3JAw,"하티는 콩자, 금동이, 밤비와 같은 애니멀호더에게서 구조되어 온 아이예요.같이 입소한 베니, 베리와 동배로 추정됩니다.입소 당시 모두 사람의 손길을 타지 않은 친구들이며 손만 봐도 지레 겁을 먹는 아이들이었습니다.검은색과 갈색의 털이 조화로운 특징이자 매력이에요.하티는 활력이 넘치고 사람을 무척 좋아하는 강아지예요.식욕도 좋아서 사료를 주면 와구와구 맛있게도 먹어요.센터에 처음 입소했을 때 손만 닿아도 소리를 지를 정도로 사람을 무서워했었는데,현재는 많이 나아져서 센터 선생님들을 졸졸졸 따라다닌답니다ㅎㅎ세상의 중심, 관심받는 걸 좋아해요.말이 조금 많은 편이에요.(마찬가지로 센터 입소 당시에는 소심한 모습만 보여서 전혀 몰랐어요...)하티는 수십 마리가 좁은 공간에 같이 있던 환경 속에서 태어나 자랐어요.본 모습이 밝고 활발한 아이인데, 환경으로 인해 주눅 들어 살았으리라 생각해요.처음 보는 사람과는 낯을 가리고 어색해하기도 하지만친해지면 꼬리도 흔들고 스킨십도 받아줘요.아직 어리기에 모르는 것도, 겁도 많지만, 한편으론 호기심도 많은 아이랍니다.사랑스런 하티의 평생가족을 기다립니다.네이버 카페에서 하티의 좀 더 다양한 모습을 만나볼 수 있어요: https://cafe.naver.com/seoulanimalcare/7118"
닝구(마포센터-임시보호가능),믹스,3(세) 9(개월),2024-02-22,5,https://youtu.be/Ut7-YfdYk9M,N,https://youtu.be/Ut7-YfdYk9M,"약간은 소심하지만 곧 친해지기 쉬운~ 아기 얼굴을 한 똥똥한 몸매의 발바리예요~센터의 별명은 난닝구~순하면서 착한 댕청미를 자랑하는 우리 닝구는 엄살이 약간 심한편이랍니다 ^^살짝 부정교합이 있어 이가 보이면 화내는 것처럼 보이지만, 사실은 겁도 많고 착하고 순둥 순둥한 꼬리 뱅뱅 누렁이!배가 빵빵해서 센터 입소했을 때 임신이 아닌가 걱정 아닌 걱정을 했지만, 임신은 아닌걸로 판정됐어요!낯선 곳에선 숨어있길 좋아하지만, 익숙해지면 이곳 저곳 누비며 간섭하길 좋아하는 오지라퍼랍니다 :)짧은 다리에 오동통한 몸매! 보면 볼수록 웃음이 나는 귀여운 아이라서 센터 직원들에게 웃음을 줘요.다른 강아지들과 크게 문제없이 지내기 때문에 이미 반려견이 있거나처음 반려견을 맞이하는 가정 등 어느가정과도 적합합니다.영유아를 제외한 가정에서도 어린 자녀와 함께 잘 지낼거예요.겁이 있는 아이라서 천천히 적응할 시간을 주시면 좋습니다.패드 배변 훈련중이며 아직은 잘 몰라요 ~산책도 전혀 안됩니다.ㅠ,ㅠ하나씩 알려주세요, 호기심은 많은 친구라서 오래지 않아 잘 할 수 있을 거예요!쓰담 쓰담하는 품에서 녹아든 듯 푹 안기는 아기 같은 아기 아닌 우리 닝구!앙증맞은 귀요미 닝구의 평생가족을 기다립니다.  아이들과 자원봉사자님과의 다양한 일상은 네이버 카페 자원봉사 후기 게시판을 통해 확인 가능합니다.  닝구의 더 많은 사진과 영상들은 카페를 확인해주세요!카페 클릭!--&gt;서울동물복지지원센터 : 네이버 카페 (naver.com)서울동물복지지원센터 공식 카페 https://cafe.naver.com/seoulanimalcare"
쵸이(마포센터),믹스,2(세) 5(개월),2024-10-10,3.51,https://youtu.be/z2An0MmzIfI,N,https://youtu.be/z2An0MmzIfI,"86마리 애니멀 호딩 견 출신으로 겁도 매우 많지만 호기심도 있는 귀여운 쵸이에요!겁이 매우 많아서 같이 입소한(같은 집 출신) 쵸파를 많이 의지해요(쵸파가 겁이 더더더 많아요).항상 둘이 붙어서 숨어있길 좋아한답니다.입양후에 천천히 집안을 적응할 수 있도록 시간을 충분히 주셔야 되며산책 역시 바로가 아닌 사람에게 의지할 때 가능합니다.(시끄러운 환경보다는 차분하고 조용한 환경이 적합해요)낯선 환경, 낯선 소리 모든게 무서운 쵸이예요.큰소리에도 도망가기 바쁘고 만지려면 밀당하며 우다다 도망가지만,간식을 좋아해서 간식을 주면 손으로 받아먹을 수는 있어요(익숙한 직원 한정).개에게 의지를 많이 하고 질투도 많아서 이미 반려견이 있는 가정이 더 좋아요.센터에서 조금씩 사람과의 관계를 배우고 있습니다.하나씩, 하나씩,아기 강아지를 가르치는 것처럼 알려주세요.털빠짐은 적은 편이며 아직 센터 적응이 다 안되서 밥도 잘 안먹고 있어요.입양후 밥을 잘 안먹을 수도 있으며 잘 안움직일 수 있어요.모두 겁많은 아이들이 할 수 있는 정상적인 패턴입니다. 조급히 생각하지 마시고 기다려주세요.패드 배변 훈련중이고, 공격성은 없어요.사람과 모든 행동에서 긴장을 하지만 시간이 지나면 천천히 좋아질 거예요.사랑스러운 쵸이의 평생 가족을 기다립니다.아이들과 자원봉사자님과의 다양한 일상은 네이버 카페 자원봉사 후기 게시판을 통해 확인 가능합니다.쵸이의 다양한 사진과 영상, 자원봉사자님과의 다양한 일상은 네이버 카페 자원봉사 후기 게시판을 통해 확인 가능합니다.카페클릭! -&gt;서울동물복지지원센터 : 네이버 카페 (naver.com)"
희망(동대문센터),코리안숏헤어,0(세) 4(개월),2024-11-07,2.77,https://youtu.be/9l7BiKdvMvA,N,https://youtu.be/9l7BiKdvMvA,"이름처럼 늘 희망찬 하루를 보내는 활기차고 활달한 희망이입니다.장난감에 반응이 좋아서 집사 운동시키는 꼬맹이입니다.고양이답게 높은 곳에 올라가는 것도 좋아하고요,(높은 곳에 올라가면 집사가 애원해야 내려오기도 한답니다ㅠㅠㅋㅋㅋㅋ)꼬맹이답게 호기심도 많아 이곳저곳 탐방하는 것도 좋아해요.손길을 내밀면 온몸을 문지르며 바로 애교많은 모습을 보여주기도 해요.여기저기 겁 없이 활개치고 다니는 귀여운 장난꾸러기 그 자체인 희망이.개냥이라 배도 서슴없이 보여주는 아이랍니다!ㅎㅎ사람 보면 좋아서 애옹애옹 많이 울기도 해요. (네, 말이 많습니다..!)희망이는 사람 손길도 곧잘 타고, 또 혼자 두면 외로워하는 아이라서그만큼 사람과 함께 있는 시간이 길수록 좋아요.하루 중 집을 비우는 시간이 길다면 입양가족으로는 적합하지 않아요.다른 고양이들에게 호기심도 많고 같이 입소한 기쁨이랑 합사도 수월한 편이었어요.고양이 가정에 둘째로 입양하셔도 좋을 것 같아요!(희망이가 순한 성격이긴 해도 고양이 합사는 신중하게 접근해주셔야 합니다.첫째 아이의 성향 등을 포함하여 여러가지 요인들을 고려해보시고 신중하게 입양신청해주세요.)사랑스런 희망이의 평생가족을 기다립니다.네이버 카페에서 희망이의 좀 더 다양한 모습을 만나볼 수 있어요:https://cafe.naver.com/seoulanimalcare/7540"
테디(동대문센터),믹스,0(세) 3(개월),2024-10-14,3,https://youtu.be/jdsD8vJwiCw,N,https://youtu.be/jdsD8vJwiCw,"이렇게 귀여울 수가 있나 싶을 정도로 귀여움 과다인 꼬꼬마, '테디'.테디는 포천시 가산면에서 떠돌다 올해 9월에 구조된 아이입니다.입소 당시에 코로나 양성 판정을 받았고,구토와 설사로 기력이 떨어져 거의 누워있기만 했어요.현재는 치료를 받고 완치되어 건강한 상태로 돌아왔답니다!처음 봤을 때 아파서인가, 테디가 온순하고 얌전한 아이라고 생각했어요.하지만 코로나 완치 후 일반 보호실로 이동한 테디는 180도 달라진 모습을 보여주었어요!프로펠러처럼 정신없이 돌아가는 꼬리!온갖 곳을 누비며 전력질주로 달리는 에너지!!사람, 타견 가리지 않는 친화력!!!테디를 처음 본 사람들은 테디와 사랑에 빠지곤 해요.치명적인 매력덩어리거든요.검은 코와 엉덩이 양쪽의 검은색 털, 갈색의 처진 귀와 흰 셔츠의 단추 같은 눈코입.한눈에 보기에도 매우 귀엽고 사랑스러운 아이입니다.보호자에게 큰 사랑을 받으리라 직감했어요.센터에서 여러 사람들의 보살핌과 사랑을 통해 점차 자신감을 얻어 가고 있어요.식욕도 좋아서 사료를 주면 그 자리에서 와구와구 다 흡수합니다.현재는 타견과 마주하면서 퍼피 사회화 교육을 시키고 있어요.사람과 함께 성장해 나갈 가능성이 무궁무진한 친구예요.테디는 목욕도 아주 잘하고요, 손질이 필요한 모든 과정을 겸허(?)하게 받아들입니다.귀엽게 목욕을 마친 후, 털이 말끔하게 정돈된 모습을 보면 얼마나 사랑스러운지 몰라요.하지만 테디는 사람을 너무 좋아해서, 예뻐만 해주면 분리불안이 생길 수 있어요.그렇기에 보호자와의 관심과 애정 속에서 어느 정도의 단호한 교육도 필요합니다.테디는 강아지를 처음 키워보는 가정에도 적합하고요,합사도 수월한 편이라서 강아지 가정에 둘째로 입양하셔도 좋아요.(테디의 합사가 수월한 편이어도, 현재 키우고 있는 첫째 아이의 성향 등을 포함하여 여러 가지 요인들을 고려해 보시고 신중하게 입양신청해 주세요.)아직 어려서 앞으로 얼마나 더 클지는 장담하지 못해요.(얼마나 클까요? → 저희도 몰라요ㅠㅠ)(몇 키로까지 클까요? → 저희도 알고 싶어요ㅠㅠ)이가 날 시기라 이갈이도 심상치 않을 거예요.입양을 고려하시는 분들은 새끼 강아지의 성장과정에 대해서 충분히 공부하시고 임해주시길 바랍니다.사랑스런 테디의 평생가족을 기다립니다.네이버 카페에서 테디의 좀 더 다양한 모습을 만나볼 수 있어요: https://cafe.naver.com/seoulanimalcare/7542"
채리(마포센터),믹스,8(세) 2(개월),2024-10-15,4,https://youtu.be/TaZu5SQnMWw,N,https://youtu.be/TaZu5SQnMWw,"86마리 애니멀 호딩 견 출신으로 사람을 좋아하지만,살짝 겁도 있는배짱 큰 강아지 채리예요.이미 앞니도 빠져있고, 나이에 비해 관리가 안되서 치아 상태가 더 안좋습니다.(발치및 스켈링 완료)-치아가 좋지 않아 천천히 밥을 먹으며 부드러운 음식을 좋아해요.커다란 눈과 순하고 사랑스러운 미소를 지닌 우리 채리.간식을 너무 너무 좋아하는 아이예요~ 간식 하나면 금새 친해집니다.하지만, 아직 낯선 공간에서는 살짝 무서운지 밀당하며 도망가기도 해요.식분이 있으며 털빠짐이 심한 아이입니다.털에 예민한 경우 입양 신청 전 충분히 고민해주세요.다른 강아지가 있던지 없던지 신경 쓰지 않고 호기심이 많은 편이라 이곳 저곳 냄새맡으며 돌아다니길 좋아하죠.자유 부인처럼 자유롭게 돌아다니길 좋아한답니다~ㅎㅎㅎㅎ짧은 다리로 오종종~ 긴허리를 지닌 닥스 믹스~인형 무더미 속에 있으니 누가 인형이고 누가 채리인지 모르겠어요!  :)폭신 폭신 방석을 좋아하는 여느 강아지와도 다르지 않아요.건강할 시간보다 앞으로 관리할 시간이 더 필요할지도 모르는 나이예요.하지만, 아직은 반려견으로 사람과 함께 행복할 시간이 더더더 중요한 친구기도 하죠.좁디 좁은 공간에서 수십마리 강아지들과 부등켜 제대로 된 밥조차 먹지 못했던 우리 채리.깨끗하고 따듯한 공간이 있다는 것과세상에는 맛있는 냄새나는 맛있는 음식이 많다는 것신기하고 재미난 세상 밖 풍경을 보여주실 평생 가족을 기다립니다."
라면(임시보호가능-마포센터),푸들,6(세) 8(개월),2024-04-03,3.93,https://youtu.be/GzhLYjKM2sI,N,https://youtu.be/GzhLYjKM2sI,"사람을 너무 너무 너무 좋아하는 뽀글이 친구 라면이예요~센터 입소당시 꼬리와 군데군데 피부가 좋지 않았고 방광염이 있어 치료 완료했습니다.(그래서 빡빡이 미용했는데 지금은 뽀송하니 털이 많이 자랐어요~*아토피와 알러지가 있는 듯하여 처방식 사료 급여중입니다.푸들 친구답게 분리불안은 기본 옵션이랄까요??ㅎㅎㅎㅎ짖음이 있으므로 방음이 잘 되지 않는 가정이거나 시끄러운 환경은 부적합해요.혼자되지 않게 집에 사람이 상주하는 가족이 있다거나 강아지 유치원에 보내주시면 좋을 것 같아요.센터의 생활이 힘든지 스트레스성 장염이 있어 관리중입니다.패드배변 훈련중이며 수컷이라서 마킹이 있어요.애교면 애교! 어디든지 사람만 있다면 나는 좋아 나는 좋아 너무 좋아~ 하는 친구예요.자동차도 잘 탄다고 합니다 :)다른 강아지들과 대면 대면 그다지 관심 없어요.처음엔 센터에 적응하지 못해서인지 많이 울고 힘들어했지만 4개월이 지난 지금 (24.08) 혼자 센터에 있어도 짖지 않고 장난감을 갖고 놀거나 이불(방석)위에서 자요.다만, 갇혀진 공간에서는 많이 짖습니다.하나뿐인 보호자의 사망으로 센터에 입소한 라면은 사람에 대한 애정이 넘쳐요.쇼파를 좋아해서 쇼파에 누워있거나, 쇼파에 앉은 사람의 허벅지에 머리를 대고 자는 등사랑스러운 모습이 넘치는 아이랍니다:)활발하고 명랑한 라면~기본훈련도 잘 따르고 성격은 급하지만 그만큼 쾌활한 친구!간식 좋아하고 밥도 잘먹고~ 장난감도 좋아하고~ 털이 자라면서 뽀글 뽀글 라면이 되었어요ㅎㅎㅎ착하고 여린 마음을 지는 라면의 마지막 가족을 기다립니다.*장기체류 임시보호 가능합니다.아이들과 자원봉사자님과의 다양한 일상은 네이버 카페 자원봉사 후기 게시판을 통해 확인 가능합니다.라면의 많은 영상과 사진이 궁금하다면 카페 클릭!--&gt;입양대기동물(마포센터),서울동물복지지원센터 : 네이버 카페 (naver.com)서울동물복지지원센터 공식 카페https://cafe.naver.com/seoulanimalcare"
경자(마포센터),믹스,3(세) 10(개월),2024-01-11,5.54,https://youtu.be/47Esy9gr9DM,N,https://youtu.be/47Esy9gr9DM,"경자는 지난 겨울 순한 얼굴에 두꺼운 목줄을 찬 채 발견되어 동물보호센터를 거쳐 올해 1월에 마포센터에 들어온 아이입니다.  길에서 생활을 하였지만 심장사상충 감염도 없어 곧 입양가족을 만날 거라고 기대를 가졌지요. 하지만 예방접종과 중성화 수술를 준비하던 중 경자에게 예기치 않은 경련이 일어났습니다. 온 몸을 떨며 경련을 하는 경자를 안아 진정시키고, 2차 병원으로 옮겨 원인을 찾았지만 원인을 찾을 수 없었습니다. 경자처럼 원인을 특정하지 못하는 경우를 '특발성 간질'(Idiopathicepilepsy)이라고 합니다. 현재는 항경련제를 먹으면서 주의관찰하고 있습니다. 경자는 밥도 잘 먹고 다른 강아지들과도 사이좋게 지내며, 자거나 생활하는 곳에는 배변을 하지 않는 깔끔쟁이어서 패드 배변도 잘합니다. (다만, 바로 배변을 누지 못하고 누기까지 5분여정도 걸립니다.) 경자는 자기 이름도 알아듣는 똑순이이고, 평소에는 차분하고 얌전하지만 사람 품에 안기길 좋아하는 껌딱지이기도 합니다. 또, 직원들이 바삐 일을 하다 보면 경자는 그 순한 눈으로 자신을 바라봐 줄 때까지 가만히 우리를 바라보며 기다리는 순둥이랍니다.  평생 약을 먹어야 하고 경련으로 인해 여러 주의관찰이 필요하지만간질이라는 질환 관리 방법을 아시는 가족을 만난다면 경자도 가족에게 힘이 되어주고 사랑을 주는 반려동물이 될 수 있습니다.  혹시나 혼자 있을 때 경련이 일어날 수 있어 오랜 시간 집을 비워두시는 가족보다는 경자와 함께 하는 시간이 긴 가족이 적합합니다.우리 경자를 품어주실 가족을 기다립니다. (입양홍보를 위해 많은 공유 부탁드립니다.) &lt;강아지 간질 : 경련으로 전신이 굳고 의도치 않은 반복적인 떨림이 관찰되는 신경계 증상입니다.원인은 대사성 질환 또는 중추신경계 문제로 나누어 볼 수 있으며, 이 중 중추신경계인 뇌 신경세포에 이상이 생겨서 반복적인 경련 증세를 보이는 것을 '간질'이라 부른다.원인으로 외상이나 뇌 질환 등을 꼽을 수 있습니다. 원인을 특정하지 못할 경우 '특발성 간질'(Idiopathicepilepsy)이라고 부릅니다.특발성 간질은 항경련제를 투여하여 증상을 완화시킬 수 있지만 지속적으로 관리하여야 합니다.&gt;출처: [네이버 지식백과] 강아지 간질 [Puppy Epilepsy] (강아지 질병백과, 벳아너스(VET HONORS)) 입양문의 02-2124-2839  서울동물복지지원센터 마포센터 아이들과 자원봉사자님과의 다양한 일상은 네이버 카페 자원봉사 후기 게시판을 통해 확인 가능합니다.경자의 다양한 사진과 영상, 자원봉사자님과의 다양한 일상은 네이버 카페 자원봉사 후기 게시판을 통해 확인 가능합니다.카페클릭! -&gt;서울동물복지지원센터 : 네이버 카페 (naver.com)"
뽀야미(구로센터),코리안숏헤어,0(세) 5(개월),2024-11-02,1.96,https://youtu.be/3SbzY1r-6hg,N,https://youtu.be/3SbzY1r-6hg,"[ 성격 ]뽀야미는 누워서 뒹굴뒹굴 거리는 것을 좋아하며 사람에게 친화적인 성격입니다.앙증맞은 외모답게 애교도 많으며 만져주면 얼굴을 부비며 친근하게 표현합니다.​낯을 가리는 성격으로 차분한 편이고 사람 무릎에 앉아 시간을 보내는 것도 좋아하는 편입니다.​또래 고양이들과는 무난하게 잘 지내는 편으로 조심스럽게 다가가는 성격입니다.​캣타워 같은 높은 곳에 올라가 아래를 내려다보며 구경하는 것도 좋아하며숨숨집에 들어가 포근하게 휴식을 취하는 일도 좋아합니다.​새로운 환경에 적응하는데까지는 시간이 조금 필요한 편이라서입양 초반에는 숨숨집이나 구석에 숨어서 잘 나오지 않으려고 할 수도 있으나,편안한 환경을 조성해주면 애교 많은 성격을 쉽게 보여줄 것 같습니다.​​깃털 장난감, 움직이는 장난감을 좋아하고 눈을 마주치거나 만져줄 때 골골송을 불러 주며 좋아합니다.​발톱, 빗질 등 관리 시에도 얌전한 편이지만불편한 것이 있으면 하악 거리며 싫은 표현을 하기도 합니다.하지만 하악 거리기만 할 뿐 물거나 할퀴는 등의 행동은 하지 않습니다.​하루종일 뛰어 다녀도 지치지 않는 체력을 가지고 있어짧은 시간 자주 자주 놀아 주어 에너지를 소비해 주는 것이 좋을 듯 싶습니다.​조심성이 많은 성격으로 적응기간이 길어질 수도 있어서뽀야미가 적응하기까지 천천히 기다려줄 수 있는 가정에 어울립니다.​​(고양이를 키우고 있는 가정은 현재 집에 있는 고양이가다른 고양이와 어울릴 수 있는 성격인지 고려해보시고,합사 방법에 대해 충분히 공부한 후 신청해주시기 바랍니다.)​​​서울고양이입양카페 입양 신청 방법 ▼https://cafe.naver.com/seoulcatcafe/787​​[ 서울고양이입양카페 인스타그램 ]ID : seoulcatcafe주소 : https://www.instagram.com/seoulcatcafe/​​[ 서울고양이입양카페 트위터 ]ID : @seoulcatcafe주소 : https://twitter.com/seoulcatcafe​​​​입양 상담 및 문의 전화 번호 : 02-2636-7650, 02-2636-7649, 02-2636-7645​"
뱅글(동대문센터),코리안숏헤어,2(세) 7(개월),2024-04-12,3.1,https://youtu.be/qX1CjoXDEfI,N,https://youtu.be/qX1CjoXDEfI,"[ 입소 히스토리 ]싱글, 벙글, 방글, 뱅글 네 아이는 고양이 쉘터에서 지내던 아이들이에요.30마리의 고양이가 함께 지내며 관리를 받던 곳. 그러나 보호자분의 사망으로 인해 아이들은 갈 곳을 잃게 되었어요.불행 중 다행히 30마리의 아이들 중 26마리는 주변 분들의 도움으로 모두 입양을 가게 되었고,지난 4월 중순, 나머지 네 마리(싱글, 벙글, 방글, 뱅글)가 동대문 센터에 입소하게 되었습니다.[ 뱅글이는요~ ]동대문 센터에 방문하였던 분들이 뱅글이를 볼 때 늘 물어보시는 말이 있어요.""뱅글이는 왜 프로필이 안 올라가나요?""네, 뱅글이는 지난 4월에 입소하여 3개월이 지난 지금에서 프로필이 올라간 아이에요.왜냐하면 뱅글이는 집중 치료가 필요한 아이였으니까요.뱅글이는 센터에 입소했을 당시 같이 입소한 다른 아이들에 비해 호흡이 불규칙한 모습을 보였어요.즉시 진행하였던 건강검진에서 아이가 두 가지 질병을 가지고 있다는 것을 알게 되었습니다.'칼리시 바이러스'와 '만성적 부비동염(축농증)'으로 인한 호흡기 증상.생소한 질병의 이름을 듣고 한참 예민해진 뱅글이를 보며 걱정이 이만저만이 아니었어요.고양이의 경우 예민한 아이일 수록 치료하다가 사람도 동물도 서로 다칠 수 있는 위험이 있거든요.하지만 뱅글이는 사람을 좋아하는 아이에요.바뀐 생활환경과 호흡기 증상이 있어 시작하였던 네뷸라이저 치료로 입소 당시에는 예민한 모습을 보였던 거였어요.알고보니 뱅글이는 사람한테 안기는 걸 좋아하는 애교가 정~말 많은 고양이에요.궁디팡팡을 하면 엉덩이가 하늘을 찌를 듯이 높아져요.주사를 넣고 약을 먹이는 등 처치를 해도 사람 손길이 그저 좋은지 골골송을 불러요.숨 쉴 때도 귀여운 골골 소리가 나요.뱅글이는 가만히 앉아있으면 강아지 마냥 쪼르르 와서 무릎 위에 자리 잡고 앉는 무릎냥이에요.상자 속에 들어가 있는걸 정말 좋아하기도 하는데요, 하루 종일 들어가 있을 때도 있어요ㅎㅎ원하는 요구사항이 있으면 발목을 콕콕 찌르며 신호를 주는 똑똑냥 뱅글이.안겨서 눈을 맞추면 발바닥 젤리로 얼굴을 토닥토닥 해줘요♥(심쿵)♥앞서 말씀드렸던 것처럼 호흡기 증상이 있는 뱅글이는 가정에서 네뷸라이저 치료가 필요해요.(네뷸라이저는 많은 가정에서 호흡기 증상이 있는 반려동물에게 보호자가 사용할 정도로 쉽게 할 수 있는 치료에요.)가정용 네뷸라이저를 구매하여 환절기나 호흡기 증상을 보일 때에 사용을 해주셔야 합니다.(증상이 없을 때에는 굳이 사용할 필요는 없습니다!)필요시에는 동물병원에서 내복약도 처방받아 복용이 필요해요.보살핌이 필요한 뱅글이지만,뱅글이는 다른 고양이들과 다를 바 없어요.츄르를 좋아하는 미슐랭 입맛을 가졌고, 쓰다듬어 주는 것을 좋아하는 개냥이이며, 놀아주는 것도 좋아하는 장난꾸러기에요.게다가 기분이 좋을 때에는 우다다다 뛰어다니기도 합니다.뱅글이는 사람에게 의지하고 사람을 좋아할 줄 아는 아이에요.사람을 좋아하는 만큼 뱅글이와 많은 시간을 함께 해주실 수 있는 보호자가 필요해요.뱅글이는 24시간을 같이 있어줄 수 있는 보호자가 필요하며, 다른 고양이와의 접촉은 안 되기에 외동 가정에 적합한 아이입니다. (다른 개나 사람은 접촉이 괜찮습니다.)사랑스런 뱅글이의 평생가족을 기다립니다.네이버 카페에서 뱅글이의 좀 더 다양한 모습을 만나볼 수 있어요: https://cafe.naver.com/seoulanimalcare/6925"
이온(동대문센터-임시보호가능),믹스,2(세) 11(개월),2024-09-07,5.8,https://youtu.be/G2FG0WUwYpo,N,https://youtu.be/G2FG0WUwYpo,"[ 입소 히스토리 ]지난 6월에 강북구 애니멀 호더로부터 약 80여 마리의 개들이 구조되었고,그 중 13마리 아이들이 총 4차례에 나누어 동대문 동물복지지원센터에 입소하였습니다.(1차 콩자 / 2차 금동, 밤비 / 3차 쿵야, 베니, 제티, 하티, 베리 / 4차 라이, 봉이, 선달, 빅터, 이온)전주인은 수십 마리의 아이들을 중성화 수술도 하지 않은 채 방치하였고,그 결과 개체수는 80여 마리까지 불어나 걷잡을 수 없게 되었습니다.좁은 공간에서 뒤엉켜 자란 아이들...구조 당시 아이들은 관리를 받지 못해 악취가 심했고, 많은 아이들이 심장사상충 등 질병에 노출되어 있었습니다.사람에 대한 경계도 심해 짖거나 구석에 가서 숨는 등 대부분 무서워하는 모습을 보였습니다.모두 사람의 손길을 타지 않은 친구들이며, 손만 봐도 지레 겁을 먹는 아이들입니다.이런 아수라장 속에서 저희 동대문 센터를 비롯하여 여러 동물보호단체 및 시민분들이 도움의 손길을 뻗었으며개중 몇몇은 새로운 가족을 만난 개체들도 있습니다.그러나 남은 아이들은 구조되었음에도 불구하고 갈 곳이 없어 결국 구조된 장소에 보호처를 마련하였고,여전히 많은 아이들이 그 곳에서 보호받으며 새로운 가족이 오길 기다리고 있습니다.[ 이온이는요, ]입소동기 라이와 형제로 추정하고 있어요.믹스견이나 슈나우저 특징이 곳곳에 묻어나는, 닮은꼴의 엄청 귀여운 친구예요.특유의 해맑은 웃음이 이온이의 매력 포인트랍니다.사료도 굉장히 잘 먹고 소화도 잘 시키는 건강한 효자입니다.개껌도 야무지게 두 앞발을 사용해서 맛있게 먹어요.하지만 다른 친구들보다 조금 소극적인 면이 있어요.호기심은 있지만 그 호기심을 표출하는 데에 있어 적극적인 편은 아니에요.장 안과 밖에서 모두 구석을 선호해요.입양 후 집에 도착하면 이동장 문만 열어두고, 관심없는 척 다른 곳을 봐야 슬금슬금 돌아다닐 거예요.아직은 사람 손을 무서워하지만,가만히 기다려주면 조용히 옆에 다가와줘요.큰 소음이나 동작 등에 깜짝깜짝 잘 놀라는 소심한 성격이에요.가정에서도 꾸준히 외부 환경에 대한 둔감화 교육이 필요할 것 같아요.그래서 이온이와 친해지려면 행동은 차분하게, 인내심으로 기다려주어야 해요.쓰담쓰담 해주는 걸 굉장히 좋아해요.하지만 잘 놀래기 때문에 천천히, 조심조심 요 두 가지를 기억하신다면 좋을 것 같아요.무서운 것 투성이어도 쓰다듬어주는 걸 좋아하는 모습을 보니, 친해진다면 보호자 껌딱지가 될 것 같아요.사랑스런 이온이의 평생가족을 기다립니다.네이버 카페에서 이온이의 좀 더 다양한 모습을 만나볼 수 있어요: https://cafe.naver.com/seoulanimalcare/7193"
나야(동대문센터),믹스,2(세) 1(개월),2024-10-10,5,https://youtu.be/SQ6MdXKnsOs,N,https://youtu.be/SQ6MdXKnsOs,"[ 입소 히스토리 ]지난 6월에 강북구 애니멀 호더로부터 약 80여 마리의 개들이 구조되었고,그 중 20여마리 아이들이 총 5차례에 나누어 동대문 동물복지지원센터에 입소하였습니다.전주인은 수십 마리의 아이들을 중성화 수술도 하지 않은 채 방치하였고,그 결과 개체수는 80여 마리까지 불어나 걷잡을 수 없게 되었습니다.좁은 공간에서 뒤엉켜 자란 아이들...구조 당시 아이들은 관리를 받지 못해 악취가 심했고, 많은 아이들이 심장사상충 등 질병에 노출되어 있었습니다.사람에 대한 경계도 심해 짖거나 구석에 가서 숨는 등 대부분 무서워하는 모습을 보였습니다.모두 사람의 손길을 타지 않은 친구들이며, 손만 봐도 지레 겁을 먹는 아이들입니다.이런 아수라장 속에서 저희 동대문 센터를 비롯하여 여러 동물보호단체 및 시민분들이 도움의 손길을 뻗었으며개중 몇몇은 새로운 가족을 만난 개체들도 있습니다.그러나 남은 아이들은 구조되었음에도 불구하고 갈 곳이 없어 결국 구조된 장소에 보호처를 마련하였고,여전히 많은 아이들이 그 곳에서 보호받으며 새로운 가족이 오길 기다리고 있습니다.[ 나야는요, ]세상에 하나뿐인 소중한 친구, '나야'나야는 처음 만났을 때 살짝 겁을 내는 모습이지만, 마음을 열면 그 누구보다도 활발하고 사랑스러운 강아지로 변하는 특별한 친구입니다.낯을 가리는 시간이 조금 필요하지만, 그 과정을 통해 신뢰를 쌓으면 보호자를 향해 웃는 미소로 가득한 모습을 보여줄 거예요.나야는 정말 귀여운 미소를 가지고 있어, 그 얼굴을 보고 있으면 저절로 미소가 번지게 됩니다.나야는 같이 입소한 '모야'와 '팡야'의 모견입니다. 아이들과 잘 놀아주는 모성애가 깊은 면모를 보여주기도 해요.나야는 다른 강아지 친구들과도 잘 어울릴 만큼 사회성이 뛰어나서, 사람뿐만 아니라 다른 동물들과도 쉽게 친구가 됩니다.이처럼 다정한 성격을 가진 나야는 다른 존재와 어울리며 놀 때 가장 행복한 아이예요.함께 뛰어놀고, 서로의 곁에서 편안함을 느끼는 그 순간을 소중히 여기는 나야는 활동적인 시간을 좋아해 집 안이나 산책길에서 신나게 뛰어놀곤 합니다.에너지가 넘치는 아이지만, 밥도 잘 먹어 건강을 유지하는 데에도 문제가 없습니다.또한 나야는 가끔 먼저 다가와 안아 달라고 뽀뽀를 하는 애교도 가지고 있어요.나야가 보여주는 작고 따뜻한 애정 표현들은 그 누구도 쉽게 잊지 못할 만큼 사랑스러워요.조용히 옆에 다가와 얼굴을 비비거나 다정하게 기대는 나야의 모습은 마치 소중한 가족의 일원처럼 느껴지게 합니다.나야는 사람 곁에서 안정감을 느끼고, 보호자의 사랑을 듬뿍 받고 싶어 하는 아이랍니다.나야는 한 가지 작은 과제가 있어요. 바로 식분증이 있는데, 꾸준한 훈련과 보호자의 인내심을 통해 충분히 개선할 수 있는 부분입니다.기본적인 교육을 통해 나야가 더 좋은 습관을 가질 수 있도록 도와주시면, 나야는 더 이상 걱정 없이 사랑스러운 반려견으로 자리 잡을 것입니다.또한, 목욕을 잘 견뎌서 깨끗하게 관리하기가 쉬워요.나야는 이미 자신의 단점을 극복하고 더 나은 모습으로 나아가려는 의지를 가지고 있는 기특한 아이입니다.낯을 가리지만 신뢰를 쌓아가며 보여주는 밝고 명랑한 모습은 보호자의 마음을 따뜻하게 만들어 줄 것입니다.나야는 지금, 자신을 사랑으로 안아줄 새로운 가족을 기다리고 있어요.나야와 함께라면 매일이 특별한 순간으로 가득할 거예요.사랑스런 나야의 평생가족을 기다립니다.네이버 카페에서 나야의 좀 더 다양한 모습을 만나볼 수 있어요: https://cafe.naver.com/seoulanimalcare/7445"
비키(신청마감-서류검토중/구로센터),코리안숏헤어,0(세) 2(개월),2024-10-29,0.72,https://youtu.be/Gsyw6aY5CCk,N,https://youtu.be/Gsyw6aY5CCk,"[ 성격 ]또렷한 눈매와 앙증맞은 외모를 갖고 있는 비키입니다.​호기심 많고 활발한 성격의 비키는 낯을 가리지 않고 사람에게 먼저 다가와장난을 거는 친근하고 적극적인 성격의 아기고양이입니다.스킨십도 좋아해서 만져주면 골골송을 불러줍니다.​원하는 것이 있거나 불편한 곳이 있으면 야옹야옹 거리며 자신의 의사도 표현할 줄 아는 고양이입니다.​순식간에 밥을 해치울 정도로 식욕이 좋은 편입니다. ​큰 고양이와도 잘 어울려 놀고 겁이 없어서 큰 고양이에게 펀치를 날리는 등 용맹함도 가지고 있습니다.​사람이 놀아주는 것도 좋아하고, 움직이는 장난감에 반응이 좋으며 한번 물면 놓치지 않으려는 끈질김도 가지고 있습니다.​아기 고양이라서 하루 종일 뛰어다녀도 지치지 않는 체력을 가지고 있어 짧은 시간 자주 놀아주면서 에너지를 소비해 주어야 합니다.​곧 이갈이 시기가 다가오기 때문에 입장난을 할 수 있어서 입장난 대처 방법에 대한 공부가 필요해 보입니다. ​호기심 많고 활달한 성격으로 비키의 에너지를 감당할 수 있는 가정,사람을 좋아하고 곁에 있는 것을 좋아해서 비키와 시간을 많이 보내줄 수 있는 가정에 어울립니다.​​(고양이를 키우고 있는 가정은 현재 집에 있는 고양이가다른 고양이와 어울릴 수 있는 성격인지 고려해보시고,합사 방법에 대해 충분히 공부한 후 신청해주시기 바랍니다.)​​​서울고양이입양카페 입양 신청 방법 ▼https://cafe.naver.com/seoulcatcafe/787​​[ 서울고양이입양카페 인스타그램 ]ID : seoulcatcafe주소 : https://www.instagram.com/seoulcatcafe/​​[ 서울고양이입양카페 트위터 ]ID : @seoulcatcafe주소 : https://twitter.com/seoulcatcafe​​​​입양 상담 및 문의 전화 번호 : 02-2636-7650, 02-2636-7649, 02-2636-7645​​"
모찌(임시보호가능-동대문센터),비숑프리제,4(세) 1(개월),2024-10-14,4.4,https://youtu.be/q21szUBe-eA,N,https://youtu.be/q21szUBe-eA,"늘 곁에 있어주길 바라는 다정한 친구, '모찌'모찌는 2024년 9월 동대문구 장안지구대 인근에서 구조된 아이입니다.외모만큼이나 사랑스러운 성격을 가진 모찌는 누구보다 사람과 가까이 있는 것을 좋아하는 친구입니다.혼자 있는 걸 힘들어하는 모찌는, 누군가 곁에 있어주기만 한다면 행복한 미소를 짓는 아이예요.낯선 환경에서도 사람의 품에 안겨있으면 편안함을 느끼고 조용히 안정을 찾습니다.보호자와 함께할 때마다 마치 세상을 다 가진 듯한 행복한 표정을 짓는 모찌는, 그 누구에게도 따뜻한 다정함을 주고받을 준비가 되어 있는 친구입니다.사람을 너무 좋아해서인지 보호자 곁에 있고 싶어하는 마음이 커서 곁을 떠나는 걸 힘들어하는 모찌에게는, 애정을 담아 꾸준히 곁에 있어 줄 보호자가 필요해요.모찌는 사람의 손길을 아주 좋아하고, 안겨 있을 때 행복해하며 평온함을 느낍니다.이처럼 다정한 마음을 가진 모찌에게 안정감을 주고 신뢰를 쌓아갈 보호자가 된다면, 모찌는 무한한 애정으로 보답할 것입니다.또한 모찌는 간식을 아주 좋아해 훈련이나 사회화 과정에서도 간식으로 쉽게 집중을 할 수 있습니다.간식을 주며 다정하게 다가가면 집중해서 따르는 귀여운 모습을 보여줍니다.목욕과 미용도 아주 잘해서, 미용할 때는 엎드려서 졸기까지 하며 온전히 신뢰하는 모습을 보이기도 합니다.말끔하고 사랑스러운 모습으로 품에 안기는 걸 좋아하는 모찌의 순수한 모습은 보호자에게 큰 기쁨을 줄 거예요.모찌는 켄넬 생활에도 익숙해 필요할 때 켄넬에서 조용히 쉬며 안정을 취할 수 있는 아이입니다.혼자 있는 시간이 두려운 만큼, 보호자가 항상 곁에 있어 줄 때 더 행복하고 안심하는 모습을 보여줍니다.모찌는 자택근무를 하시거나 24시간 케어가 가능한 가정에 적합한 아이입니다.늘 가까이에 머물며 사람과의 유대감을 느끼고자 하는 모찌는, 보호자와 함께 생활하며 많은 애정을 주고받기를 간절히 원하고 있습니다.모찌와 함께하는 하루하루는 따뜻하고 소중한 순간으로 가득할 것입니다.모찌에게 평생을 함께하며 사랑으로 보듬어 줄 특별한 가족이 되어 주세요.네이버 카페에서 모찌의 좀 더 다양한 모습을 만나볼 수 있어요: https://cafe.naver.com/seoulanimalcare/7450"
베리(동대문센터),믹스,0(세) 6(개월),2024-08-08,6.8,https://youtu.be/5pAvSDxCO6c,N,https://youtu.be/5pAvSDxCO6c,"베리는 콩자, 금동이, 밤비와 같은 애니멀호더에게서 구조되어 온 아이예요.같이 입소한 베니, 하티와 동배로 추정됩니다.입소 당시 모두 사람의 손길을 타지 않은 친구들이며 손만 봐도 지레 겁을 먹는 아이들이었습니다.머리 사이에 분홍빛 털이 있어 ‘베리’라는 이름을 지어줬어요.밥도 아주아주 잘 먹어요.말이 엄청나게 많아요.사람을 너무 좋아해서 사람만 보면 꼬리가 프로펠러처럼 붕붕붕 돌아요.사람을 너무 좋아한 나머지 사람만 보면 반갑다고 짖어요.하지만 좋아하는 것과 별개로 사람 눈치를 많이 봐요.기본적으로 몸이 항상 낮춰진 상태로 지내요.수십 마리가 좁은 공간에 같이 있던 환경 속에서 태어나 자랐기 때문이라고 추정해요.입소 당시엔 바닥에 내려놓으면 제대로 걷지 못하고 바들바들 떨며 거의 기다시피 걷던 친구였지만,어느 정도 환경에 적응하고 나서는 세상 장난꾸러기 면모를 보여주고 있는 친구예요.아직은 배변패드를 가리지는 못하지만 잘 먹고 잘 싸는 아이랍니다!옥상에 올라가자마자 바로 신나서 뛰어다니는 다른 친구들과 달리 선생님 옆에 착 붙어 있어요.선생님이 조금이라도 움직이면 바로 짖으면서 따라오는 보호자 바라기에요.차차 적응 해나가면서 밝은 모습을 보여주고 있는 베리가 좋은 가족을 만났으면 좋겠습니다.사랑스런 베리의 평생가족을 기다립니다.네이버 카페에서 베리의 좀 더 다양한 모습을 만나볼 수 있어요: https://cafe.naver.com/seoulanimalcare/7119"
덕순이(임시보호가능-동대문센터),믹스,1(세) 2(개월),2024-02-19,13.1,https://youtu.be/ozENBr5XrvI,N,https://youtu.be/ozENBr5XrvI,"덕순이.. 이상하게 보자마자 덕순이란 이름이 떠올랐어요.친근하고 푸근하고 따뜻한 그런 이름을요.덕순이는 서울 강서구에 위치한 중학교 인근에서 떠돌며 생활하다 구조된 아이에요.특히 덕순이의 가장 큰 장점은 사람과 강아지 모두와의 사회성이 좋아서어느 가정에나 적합한 친화력이 좋은 아이라는 거에요.덕순이의 경우 워낙 활발한 아이라 같이 놀아줄 보호자가 필요해요.사실 사람도 좋고, 강아지도 좋은, 친구라면 다 좋은, 정말 성격 좋은 친구에요.진도가 살짝 섞인 듯한 날렵한 외모도 덕순이의 매력에 한 몫 보탭니다.카리스마 얼굴에 귀염뽀짝한 성격, 보드라운 털을 가진 덕순이에요.덕순이의 가장 큰 매력은 세상 제일가는 애교쟁이라는 것!곁에 사람이 있으면 다리 사이를 통과하거나 주위를 빙글빙글 돌며 자신을 어필해요.(빙글빙글 돌다가 발바닥이 까진 적도 있으니 실외에선 잘 살펴봐주어야 합니다!)무릎에 푹 안겨있는 것도 좋아하고요.정말 에너자이저라 가정에서 산책이나 놀이를 통해 에너지도 빼줘야 해요.센터에 입소했을 때부터 유난히 눈에 띄는 행동을 보였던 덕순이는요,입소 시 건강검진을할때사람품에얌전히잘안겨있는덕순이었기에아이를 장 안에 내려놓기 전까지는 특이사항을 발견하지 못했어요.내려놓고 나서야 한 자리에서 반복해서 돌거나(서클링) 한쪽으로 고개가 꺾이는(시경) 등의 모습을 발견했어요.알고보니 덕순이는 신경증상을 가지고 있었어요.특히 어렸을 때에는 사람 품에 안기면 목을 못 가누곤 하였으나,아이가 클수록 근육이 같이 발달하면서 그러한 증상은 많이 줄어들었어요.다른 시선으로 본다면 그만큼 신뢰하는 사람에겐 자신의 몸을 온전히 맡길 줄 아는 아이라는 뜻이기도 해요.신경증상이라고는 하나 그렇다고 일상생활에 큰 어려움이 있거나 하진 않아요.처음 센터에 왔을 때부터 활발하고, 사람도 좋아하며, 애교도 많은 친구거든요.식욕도 좋아서 열심히 먹고,활력도 좋아서 늘 생기있는 모습으로 센터 선생님들을 열렬히 반겨준답니다.가르치지도 않았는데 스스로 똥, 오줌을 가리고 산책도 곧잘 하며 장난감도 잘 가지고 놀아요.앞서 말씀드렸듯이 식욕도 좋고 가리는 것이 없어 약 먹이기도 수월한 효녀랍니다.해피 바이러스 그 자체인 덕순이.이런 덕순이에게도 사실 센터 선생님들의 걱정을 사는 부분이 하나 있답니다.덕순이는요, 곤히 잠들어 있을 때 ""덕순아~""하고 불러도 세상 모르고 꿈나라를 헤매요.왜냐하면 덕순이의 청력이 많이 소실됐거든요.깨울 때 이름을 부르는 것이 소용없다는 것을 알게 된 이후로머리를 쓰다듬거나 엉덩이를 톡톡 두드리면서 신호를 주는데요,그럴 때 덕순이가 깜짝깜짝 놀라는 경우도 있어서그 후로 자고 있는 덕순이를 불가피한 경우를 제외하고는 억지로 깨우지 않아요.이런 점 때문에 덕순이는 가정에서도 하루 중 최대한 오랜 케어가 가능한 보호자님이 필요해요.사실 덕순이처럼 장애가 있는 아이들은 입양이 어렵다는 걸 센터 직원들은 누구보다 체감하고 있어요.그런데 그거 아세요?강아지들은 장애가 있다고 해서 '불행'하다고 생각하지 않는대요.타고나길 그렇게 태어난, 무척 자연스러운 현상. 그렇게 받아들인다고 해요.미래의 덕순이 보호자님도 덕순이를 그러한 시선에서 바라봐주셨으면 좋겠어요.신경증상이나 청력소실은 덕순이를 이루는 아주 일부분일 뿐, 전체가 될 수는 없어요.그저 사람이 좋고, 잘 먹고, 잘 안 들리지만 눈치 빠르고, 노는 것도 좋아하고, 빙글빙글 돌고, 활발하고, 친구들하고도 잘 놀고, 건강한 아이.어떠신가요? 이렇게 나열하고 보니 덕순이의 흠이 보이시나요?서울동물복지지원센터에는 많은 장애견, 장애묘들이 있습니다.이 아이들에게 필요한 건 단 하나, 그저 보호자와 함께 있는 시간입니다.온전히 나만을 사랑해줄 수 있는 보호자와의 시간 말이에요.유기 및 유실동물, 피학대동물, 사육포기동물 등센터로 입소한 아이들이 새로운 보금자리를 찾아갈 수 있도록여러분들의 많은 관심과 애정 부탁드리겠습니다.씩씩하고 사랑스러운 우리 덕순이의 평생 가족을 기다립니다.네이버 카페에서 덕순이의 좀 더 다양한 모습을 만나볼 수 있어요 : https://cafe.naver.com/seoulanimalcare/6302"
벙글(동대문센터),코리안숏헤어,3(세) 7(개월),2024-04-12,3.93,https://youtu.be/azlSnv2sbfQ,N,https://youtu.be/azlSnv2sbfQ,"[ 입소 히스토리 ]

싱글, 벙글, 방글, 뱅글 네 아이는 고양이 쉘터에서 지내던 아이들이에요.

30마리의 고양이가 함께 지내며 관리를 받던 곳. 그러나 보호자분의 사망으로 인해 아이들은 갈 곳을 잃게 되었어요.

불행 중 다행히 30마리의 아이들 중 26마리는 주변 분들의 도움으로 모두 입양을 가게 되었고,

지난 4월 중순, 나머지 네 마리(싱글, 벙글, 방글, 뱅글)가 동대문 센터에 입소하게 되었습니다.


[ 벙글이는요~ ]

벙글이는 같이 입소한 싱글이와 쌍둥이 형제같은 외형뿐만 아니라 그 외에도 비슷한 부분이 많은 아이에요.

싱글이처럼 지난 보호소에서 지낼 때 서열싸움에서 자주 밀렸던 건지 타묘에 대한 겁이 많구요,

겁이 많은 소심한 고양이에요.

싱글이와는 서로 의지를 많이 하며 항상 붙어있어요.

벙글이는 조금 예민한 편이에요.

입양가게 되면 필연적으로 환경 변화가 따를 텐데, 적응하기까지 충분한 시간을 줘야 해요.

다행히도 밥은 먹으면서 눈치를 보더라구요.
왜 다행이냐면 너무 예민한 고양이들은 내내 밥을 안 먹기도 하기 때문이에요.

고양이 답게 여기저기 지형지물을 이용해 구석구석 잘 숨어있어요.
싱글이와 둘이 딱 붙어 숨어있어요.

안 보여서 말을 걸면 야옹야옹 하며 조그마한 울음소리로 응답해요.

‘범글이’라는 별명이 붙을 정도로 잠깐 방심하면 호랑이가 되는 아이라 친해지는 데에 충분한 시간을 필요로 합니다.

매일 틈틈이 벙글이를 찾아가 친한척 말도 걸며 대화도 하고, 스킨쉽을 계속해서 했어요.

그 결과 우리 벙글이가 달라졌어요.
아직까진 사람의 손길에 긴장하는 모습을 보이는 등 무척 드라마틱한 변화는 없지만
처음 왔을 때와 비교하면 장족의 발전을 이뤘어요.

보호장 문을 열었을 때 다짜고짜 하악질부터 하던 처음에 비하면
센터 선생님들에게는 지금의 벙글이 모습이 기적과도 같아요.

요즘은 머리 쓰다듬어 주는 것(+머리 긁긁)도 좋아하고, 궁디 팡팡도 즐길 줄 알아요.
(물론 충분한 시간을 두고 친해진 다음에 가능한 일이랍니다.)

다른 친구들처럼 엉덩이를 치켜올리진 않지만, 은근히 좋아해요ㅎㅎㅎ
도도해 벙글이.. 사람을 애타게 하는 묘한 매력이 있어요.

벙글이는 다묘 가정보다는 혼자 있는 가정이 적합한 아이입니다.

벙글이에게 충분한 시간을 주며, 천천히 다다가줄 보호자가 필요해요.
그렇게 하다보면 언젠가 벙글이와 세상 둘도 없는 소중한 가족이 되리라 생각해요.

사랑스런 벙글이의 평생가족을 기다립니다.네이버 카페에서 벙글이의 좀 더 다양한 모습을 만나볼 수 있어요:https://cafe.naver.com/seoulanimalcare/6651"
뚜비(임시보호가능-동대문센터),폼피츠,2(세) 8(개월),2024-03-14,7.1,https://youtu.be/eRseqr8E2OQ,N,https://youtu.be/eRseqr8E2OQ,"&lt;구조 히스토리&gt;지난 3월 14일, 동대문 센터에 피학대견 5마리가 입소하였습니다.이 아이들은 동물자유연대와 동대문구청에서 구조된 16마리 중 일부로, 이전 주인으로부터 방치와 학대를 당한 아이들이었습니다.이전 주인은 애니멀 호더로 아이들을 중성화하지 않았고 밀폐된 환경 속에서 방치하였으며,두 마리였던 아이들이 번식으로 개체 수가 무분별하게 늘어남으로써 감당하기 힘든 수가 되자 이전 주인은 결국 사육을 포기하였습니다.방치당하는 그 오랜시간 동안 냉난방도 안 되는 환경 속에서 추위에 떨며 매일 밤 서로의 체온에 의지해 잠들었을 아이들...동대문 센터는 구조된 16마리 중 상태가 가장 좋지 못한, 파보 바이러스에서 양성반응을 보이는 5마리를 치료 후 보호하기로 하였습니다.&lt;센터에 입소했을 때&gt;모든 아이들의 털은 소변에 의해 누렇게 물들고, 대변과 털이 엉겨붙어 떡지다 못해 큰 덩어리가 되어 뭉쳐 있었을 정도로관리를 받지 못해 내외적으로 처참한 상황이었어요.5마리 아이들은 입소 당시 열악한 환경 속에서 지내며 받은 스트레스와 뒤바뀐 환경에 대한 두려움으로 무척 불안한 상태였지만,치료와 꾸준한 관심으로 점차 회복되었습니다.또한 사람에 대한 신뢰 회복과 타견과의 사회화를 목표로 정서적 케어와 동시에 사회화 훈련도 겸하고 있는데요,아픔을 극복하고 찬란한 새 삶을 살기를 바라며 했던 많은 노력들이 결실을 맺었던 걸까요?다섯 아이 모두 사람을 무서워하고 손길을 경계하던 이전 모습과는 다르게 많이 밝아졌으며 적응 중에 있어요.입소 당시 모두 얼굴에 두려움이 가득했는데 이제는 장난끼가 가득해졌답니다ㅎㅎ심지어 옥상에서 친구들과 함께 장난치고 뛰어다니는 모습은 상상하지 못했는데, 한 시간 내내 열심히 뛰어놀다가 지쳐서 옹기종기 모여 잠든 적도 있어요.오랜시간 방치되며 배변, 배뇨를 먹으며 연명한 아이이기에, 식분 증세가 있을 수 있습니다.때문에 배변을 본 후에 바로바로 치워주며, 먹는 것이 아님을 인지시켜주고 있어요.(배변훈련도 계속해서 진행하는 중이에요.)힘든 시간 속 험난한 삶을 살아온 우리 친구들이 좋은 가족을 만날 수 있도록 많은 관심과 격려 부탁드리겠습니다.&lt;성격 및 기타 특징&gt;뚜비는 격리기간 내내 보호장 구석에서 나오지 않아 정말 소심하고 겁이 많은 아이인 줄 알았어요.하지만 격리가 끝나고 장밖에 나와 노는 모습을 보니 장난끼가 많은 활발한 친구인 걸 알 수 있었어요.안타깝게도 뚜비도 같이 입소한 다른 아이들처럼 장난감을 가지고 놀 줄 몰랐어요.지금은 장난감을 너무나 좋아하는 천방지축 강아지가 되었답니다ㅎㅎ!!!또한 뚜비는 입소 당시 다리를 절뚝거리고, 잘 딛지 못하는 상태였어요.검진결과 슬개골 탈구로 다른 친구들과 있으면 장난치고 뛰어노느라 관절에 무리가 가서 다시 한 번 격리생활을 했어요.지금은 슬개골 탈구 수술을 무사히 완료하고 회복 중에 있으며 최근에는 산책도 시작했어요!(30분 제한을 두고 아이가 무리하지 않는 선에서 진행하고 있어요.)옥상 놀이터에서 자유시간에도 그동안의 서러움을 푸는 건지 그 누구보다 열심히 놀고 있어요ㅠㅠ!!!그러다 관절 걱정이 되어 항상 선생님들 손에 잡혀 안겨있지만요ㅎㅎ친구들과 뛰어노는 걸 좋아하는 사회성 좋은 아이에요.함께 앉아있으면 쓰다듬어 달라고 배를 보이고 애교를 부려요.무릎 위에 앉아있는 걸 좋아하고, 안겨있는 걸 좋아해요.스피츠의 상징인 하얗고 복슬퐁실한 털!! 뾰족한 귀! 달려다니고 점프하는 것 까지..왜인지 뚜비를 볼 때면 항상 북극여우가 생각나요ㅎㅎ뚜비는 호기심이 정말 많은 친구에요.구조 전 출산 경험까지 있는 어미견이지만, 열악한 환경 속에서 몸만 자랐기에 정신은 아직 어린 아이나 다름 없어요.호기심 많은 아기 강아지 같은 면이 있기 때문에 꾸준한 인내와 사랑을 가지고 돌봐주어야 해요.우리 뚜비를 있는 그대로 보고 함께 하며 사랑해 줄 수 있는 가족을 찾고 있어요.사랑스런 뚜비의 평생가족을 기다립니다.네이버 카페에서 뚜비의 좀 더 다양한 모습을 만나볼 수 있어요: https://cafe.naver.com/seoulanimalcare/7042"
무화(마포센터-임시보호중),말티즈,16(세) 6(개월),2021-05-31,5.3,https://youtu.be/BcH4TGHXUxg,N,https://youtu.be/BcH4TGHXUxg,"하나 뿐인 보호자의 사망으로 보호소로 보내져 호흡기 감염으로 생사가 불투명했던 무화입니다.센터에 입소 당시 기립이나 움직임이 전혀없고 식이를 하지 않아 수액으로 연명했어요.다행히 호흡기 치료는 잘 끝났고 건강을 되찾은 무화는 밥도 잘먹고 똥도 잘 누고 다른 강아지들처럼 사람을 좋아하고~ㅎㅎ간이 좋지 않아 간보조제와 안약 등으로 건강관리를 하고 있고갑상선 저하증으로 약을 먹고 있어요.약을 좋아하지 않아 습식사료와 섞어주는데 잘 먹는 편은 아닙니다ㅎ갇힌 것을 싫어해서 잠자기 위해 호텔장안에 들어가면 구멍으로 코를 내밀어 콧잔등이 상처가 났었어요, 현재는 너무 예쁘게 잘 나았습니다.패드배변도 잘합니다.구조당시부터 피부가 좋지 않아 약욕치료를 했지만 첫 화면처럼 너무 예쁘게 털도 나고 사랑스럽습니다.요구성 짖음이 있어요.귀엽다~예쁘다라는 소리에 빙그레 웃음을 지울 줄 아는 사랑받았던 아이입니다.다른 강아지 친구들과 데면 데면~! 방석둥이로 그냥 무덤덤~해요^^ 귀가 잘 들리지 않습니다.우리 무화는 입양 또는 호스피스 임시보호를 통해 가족이 될 수 있습니다.많은 문의 부탁드립니다.**호스피스 임시보호의 경우 센터에서 의료지원 합니다.아이들과 자원봉사자님과의 다양한 일상은 자원봉사 후기 게시판을 통해 확인 가능합니다. 서울동물복지지원센터 공식 카페 https://cafe.naver.com/seoulanimalcare "
빅터(입양확정-동대문센터),믹스,1(세) 11(개월),2024-09-07,5.3,https://youtu.be/PdLyZ9JkCPo,P,https://youtu.be/PdLyZ9JkCPo,"[ 입소 히스토리 ]지난 6월에 강북구 애니멀 호더로부터 약 80여 마리의 개들이 구조되었고,그 중 13마리 아이들이 총 4차례에 나누어 동대문 동물복지지원센터에 입소하였습니다.(1차 콩자 / 2차 금동, 밤비 / 3차 쿵야, 베니, 제티, 하티, 베리 / 4차 라이, 봉이, 선달, 빅터, 이온)전주인은 수십 마리의 아이들을 중성화 수술도 하지 않은 채 방치하였고,그 결과 개체수는 80여 마리까지 불어나 걷잡을 수 없게 되었습니다.좁은 공간에서 뒤엉켜 자란 아이들...구조 당시 아이들은 관리를 받지 못해 악취가 심했고, 많은 아이들이 심장사상충 등 질병에 노출되어 있었습니다.사람에 대한 경계도 심해 짖거나 구석에 가서 숨는 등 대부분 무서워하는 모습을 보였습니다.모두 사람의 손길을 타지 않은 친구들이며, 손만 봐도 지레 겁을 먹는 아이들입니다.이런 아수라장 속에서 저희 동대문 센터를 비롯하여 여러 동물보호단체 및 시민분들이 도움의 손길을 뻗었으며개중 몇몇은 새로운 가족을 만난 개체들도 있습니다.그러나 남은 아이들은 구조되었음에도 불구하고 갈 곳이 없어 결국 구조된 장소에 보호처를 마련하였고,여전히 많은 아이들이 그 곳에서 보호받으며 새로운 가족이 오길 기다리고 있습니다.[ 빅터는요, ]회색빛 털이 게임 '사이퍼즈'의 '빅터'라는 캐릭터를 연상시켜서 빅터라는 이름을 지어줬어요.장 안에 있을 때는 구석에 웅크리고 혼자만의 시간을 보내지만,사람의 인기척이 느껴지면 바로 귀를 쫑긋 세우고 꼬리부터 반기는 친구예요.반기는 것과는 별개로 아직 사람이 무서운지 손길이 다가가면 몸이 움츠러들어요.대신 사람에게 먼저 잘 다가와주는 친구예요.옥상 놀이터에 올라가면 이리저리 사방팔방 뛰어다니기도 하고, 바람을 느끼기도 하고요,다른 강아지 친구들에게 꼬리치며 다가가서 냄새를 맡기도 하는 등 장 안에서의 모습과는 상반된 밝은 모습을 보여줘요.호기심이 많아 조그만 소리에도 귀가 쫑긋 반응해요.애교가 많아 사람이 아는 척 해주지 않으면 서운함을 표현하듯 낑 낑 거려요.배변판에 싸려고 노력은 하지만 아직은 조금 미흡한 점이 있어 가끔 실수가 있습니다.그래도 배변판에 조준하려고 한다는 점에서 발전 가능성이 높아요.사람의 애정을 많이 필요로하는 친구라 외동으로 가면 좋을 것 같아요.사랑스런 빅터의 평생가족을 기다립니다.네이버 카페에서 빅터의 좀 더 다양한 모습을 만나볼 수 있어요: https://cafe.naver.com/seoulanimalcare/7192"
찰리(마포센터),믹스,1(세) 10(개월),2024-10-28,7.35,https://youtu.be/ft7Iuycp4Z4,N,https://youtu.be/ft7Iuycp4Z4,"사람이면 사람~ 고냥이면 고냥이~ 어느 누구와도 사이 좋게~순둥 순둥한 매력을 지닌 덤보 강아지 찰리예요!귀가 얼굴보다 커서 펄럭이는 아기 코끼리 덤보의 매력을 똑닮은 우리 찰리~패드배변도 어느정도 하고 (완벽을 위해 연습하고 있어요!)*수컷이다보니 살짝 마킹은 해요!간식도 잘먹고 밥은 더 잘먹는 우리 시고르자브르종 찰리 :)워낙 순하고 착해서 영유아를 제외한 자녀가 있는 가정이나 처음 반려견을 맞이하는 가정등어느 가정과도 잘 지낼 친구입니다.(공격적인 행동은 전혀 없어요!)단모종으로 털빠짐은 보통이며 옷도 잘입고 산책도 잘하는 편이예요.(초반에 흥분해서 줄 당김이 있지만, 방향전환을 통해 줄당기지 않도록 알려주면 옆에 서서 잘해요!)산책중 만나는 강아지들과도 조용히 인사하고 찰리에게 짖는 강아지를 무시할 줄도 아는 똘똘이!중후반의 남성을 조금 무서워해서 주춤하지만, 젊은 남자나 다른 사람은 잘 따릅니다.센터 입소전 고양이랑 함께 지냈다고 해요, 그래서인지 고양이에 대한 반응은 무덤덤~반려견과 함께 했던 경험이 있는 반려묘 가정이라면 굿굿~활짝 웃을 때 더욱 예쁜 우리 찰리!짧고 두툼한 다리고 손도 주고 앉아 기다리는 매너까지!근엄한 표정 뒤에 숨겨진 앙증맞은 웃음이 있는팔랑 팔랑 가족을 향해 날라가고 싶은 찰리의 평생 가족을 기다립니다.아이들과 자원봉사자님과의 다양한 일상은 네이버 카페 자원봉사 후기 게시판을 통해 확인 가능합니다.찰리의 다양한 사진과 영상, 자원봉사자님과의 다양한 일상은 네이버 카페 자원봉사 후기 게시판을 통해 확인 가능합니다.카페클릭! -&gt;서울동물복지지원센터 : 네이버 카페 (naver.com)"
마요(동대문센터),믹스,3(세) 1(개월),2024-10-10,4.8,https://youtu.be/Od14knqmWPs,N,https://youtu.be/Od14knqmWPs,"[ 입소 히스토리 ]지난 6월에 강북구 애니멀 호더로부터 약 80여 마리의 개들이 구조되었고,그 중 20여마리 아이들이 총 5차례에 나누어 동대문 동물복지지원센터에 입소하였습니다.전주인은 수십 마리의 아이들을 중성화 수술도 하지 않은 채 방치하였고,그 결과 개체수는 80여 마리까지 불어나 걷잡을 수 없게 되었습니다.좁은 공간에서 뒤엉켜 자란 아이들...구조 당시 아이들은 관리를 받지 못해 악취가 심했고, 많은 아이들이 심장사상충 등 질병에 노출되어 있었습니다.사람에 대한 경계도 심해 짖거나 구석에 가서 숨는 등 대부분 무서워하는 모습을 보였습니다.모두 사람의 손길을 타지 않은 친구들이며, 손만 봐도 지레 겁을 먹는 아이들입니다.이런 아수라장 속에서 저희 동대문 센터를 비롯하여 여러 동물보호단체 및 시민분들이 도움의 손길을 뻗었으며개중 몇몇은 새로운 가족을 만난 개체들도 있습니다.그러나 남은 아이들은 구조되었음에도 불구하고 갈 곳이 없어 결국 구조된 장소에 보호처를 마련하였고,여전히 많은 아이들이 그 곳에서 보호받으며 새로운 가족이 오길 기다리고 있습니다.[ 마요는요, ]소중한 인연을 기다리는 아이, '마요'마요는 섬세하고 사랑스러운 믹스견으로, 슈나우저의 특징이 묻어나는 귀여운 외모가 매력적입니다.검은 코와 똘망똘망한 눈빛이 사랑스럽고, 슈나우저 특유의 귀여운 털이 매력을 더해주는 마요는 첫 만남에서 눈길을 사로잡는 아이예요.하지만 겉보기와는 달리 사람에게 다가가는 데는 시간이 필요한 마요는, 과거 좁은 공간에 많은 강아지들과 함께 있던 환경에서 자라왔기에 아직 사람의 손길에 익숙하지 않습니다.손이 닿으려 하면 겁을 먹고 살짝 피하거나 도망가려 할 때도 있어요.이렇게 낯선 것에 대한 두려움이 많은 마요에게는 천천히 다가가려는 배려와 인내가 필요합니다.입양 후에는 바로 꺼내지 말고 이동장을 열어두어 스스로 주변 환경에 익숙해질 수 있도록 기다려 주는 것이 좋습니다.시간이 걸릴 수 있지만, 마요는 서서히 환경에 적응하면서 마음을 열어가는 아이입니다.사람이 옆에서 가만히 있어 주면 마요는 조용히 다가와 곁에 앉는 모습을 보여주기도 합니다.이렇게 조심스럽게 다가오는 마요를 보면, 보호자와의 신뢰 관계가 얼마나 소중한지 느끼게 됩니다.마요는 애니멀 호더에게서 구조되어 외부 소음과 새로운 환경에 대한 둔감화 훈련이 필요한 친구입니다.소리에 민감한 반응을 보일 수 있어 차분하고 조용한 환경에서 마요가 조금씩 안정을 찾아갈 수 있도록 도와주는 것이 중요해요.익숙해지기까지 시간이 걸릴 수 있지만, 마요의 내면에는 사람과의 유대감을 갈망하는 작은 소망이 자리 잡고 있어요.이러한 과정을 지나 마요가 마음을 열게 되면, 진정한 친구로서 곁에 붙어 떨어지지 않을 만큼 가까운 존재가 될 것입니다.마요의 조용하고 순수한 애정을 느끼게 될 때, 보호자는 그 순간이 얼마나 특별하고 귀중한 시간인지 깨닫게 될 거예요.마요는 아직은 사람에게 서툴고 두려움이 많지만, 진정으로 다가와 주는 보호자와 함께라면 서서히 마음을 열고 새로운 삶을 맞이할 준비가 되어 있습니다.마요에게 평생을 함께할 따뜻한 가족이 되어 주실 분을 기다립니다.네이버 카페에서 마요의 좀 더 다양한 모습을 만나볼 수 있어요:https://cafe.naver.com/seoulanimalcare/7448"
설탕(마포센터-임시보호가능),믹스,2(세) 5(개월),2024-07-04,3.32,https://youtu.be/5AvDSCFnsrM,P,https://youtu.be/5AvDSCFnsrM,"소심하지만, 작은 공간에서는 활발해지는 숨겨진 깨방정 바둑이 설탕이예요.설탕이는 안타깝게도 심장사상충에 감염되어 있었어요,아마도 외부에서 생활한 듯 보입니다. 목욕이나 빗질 등 어색어색~다른 강아지들과 거리두면서 다가와요.사람은 무척 좋아하고 간식을 너무 좋아하는, 대신 사료는 잘 안먹는~ 작고 매우 마른 아이랍니다.**심장사상충 임시보호 가능하며 심장사상충 치료는 기본 6개월정도 진행됩니다.이 기간동안 안정을 취하며 치료를 받을 수 있도록 치료기간 동안만이라도 임시보호 또는  입양전제 임시보호 가족을 찾습니다.**심장사상충 치료기간동안에는 미용, 산책, 기타 흥분할 수있는 장난감 놀이, 훈련등이 절대적으로 금지되며치료를 위해 센터에 한달에 한두어번 방문을 해주셔야 됩니다(일정조율 안됨, 고정된 치료날 방문해야됨).분리불안이 크게 없고(소심하고 겁이 많아서 현재 있는 지 없는 지 모를정도예요)패드에 배변은 못합니다(훈련중)현재 매우 마르고 영양상태가 좋지 않고 심장사상충 치료와 더불어 털빠짐이 더 심할 수 있습니다.털빠짐에 예민한 가족의 경우 적합하지 않습니다.입질 등 공격성도 없고, 스킨십을 좋아하기 때문에 차분한 어린 자녀가 있는 가정또는처음 반려견을 맞이하는 가정 등 어느가정과도 적합합니다.(다만, 반려견이 있는 경우 사회성이 좋고 차분하고 얌전한 강아지가 적합합니다.)아련한 눈빛을 지녔지만, 깨방정할 땐 또 반짝이는 눈빛을 가진 반반 얼굴의 작은 바둑이 소녀예요.꼬리가 몸통보다 긴~ 사랑스러운 착한 친구!만지면 발라당하며 계속 만져달라고 애교부리는 ~고기 간식을 너무 좋아하는 편식 소녀!그리고 엄청 엄청 똑똑해요!순둥순둥~너무 착해서 뭐라 표현할 방법이 없네요!  :)살짝 겁이 있어서 처음에는 거리를 둘 수 있지만, 오래되지 않아 반갑게 꼬리펠러할 아이랍니다 ^^달콤한 설탕의 평생가족을 기다립니다.아이들과 자원봉사자님과의 다양한 일상은 네이버 카페 자원봉사 후기 게시판을 통해 확인 가능합니다.설탕의 다양한 사진과 영상은 카페 클릭-&gt;입양대기동물(마포센터),서울동물복지지원센터 : 네이버 카페 (naver.com)서울동물복지지원센터 공식 카페https://cafe.naver.com/seoulanimalcare"
오뎅(신청마감-서류검토중/로센터),코리안숏헤어,0(세) 1(개월),2024-10-29,1.68,https://youtu.be/TY1c6WaB9HU,N,https://youtu.be/TY1c6WaB9HU,"[ 성격 ]똘망똘망하고 약간 쳐진 눈매에 동글한 얼굴이 귀여운 포인트인 오뎅이는 소심하고 차분한 성격입니다. 처음에는 겁이 조금 있어 어색해 하는 듯하지만 조심스럽게 만져주면 언제 그랬냐는 듯 골골송을 부르며 배를 보여주는 등 친근함을 표현해줍니다. 호기심도 많은 성격으로 편해지면 먼저 다가와 놀아달라고 장난도 치며, 여기저기 돌아다니면서 탐색하는 것도 좋아합니다. 구석이나, 숨숨 집 등에 숨는 것을 좋아하여 가정에서도 오뎅이가 조용히 휴식을 취할 공간이 마련해주시면 좋을 것 같고숨어만 있다고 섭섭해하지 않고 차분하게 기다려줄 수 있는 가정이 좋을 것 같습니다. 소심한 성격 탓에 새로운 환경에 적응하는데 시간이 필요하지만스킨십을 좋아하기 때문에 천천히 만져주면서 서서히 다가간다면골골송도 잘 불러주고 애교도 보여주는 본연의 모습을 보여줄 것입니다. 또래 고양이들과는 몸을 뒤엉켜 장난치고, 뛰어다니면서 잘 지내는 편이며자신보다 어린 고양이에게도 조심스럽게 잘 놀아주는 편입니다. 장난감에 관심이 많은 편으로 사람이 가지고 놀아주는 역동적인 장난감에 관심이 많으며혼자서도 장난감을 가지고 잘 노는 편입니다. 스킨십에는 크게 예민하지 않아서 안았을 때에도 얌전하게 잘 안겨있으며 기본 관리 시(발톱 관리, 목욕 등) 진행 시에 수월한 편입니다. 낯을 가려 친해지기까지 시간이 걸릴 수 있기 때문에 오뎅이가 적응할 때까지 인내심을 가지고 기다려 줄 수 있는 가정, 무난하고 착한 성격으로 처음 고양이 입양을 고려하는 가정에도 어울립니다.​왼쪽 눈에서 지속적으로 눈물이 나고 있는 상태라서추후 치료가 필요할 수도 있을 것 같습니다.​​(고양이를 키우고 있는 가정은 현재 집에 있는 고양이가다른 고양이와 어울릴 수 있는 성격인지 고려해보시고,합사 방법에 대해 충분히 공부한 후 신청해주시기 바랍니다.)​​​서울고양이입양카페 입양 신청 방법 ▼https://cafe.naver.com/seoulcatcafe/787​​[ 서울고양이입양카페 인스타그램 ]ID : seoulcatcafe주소 : https://www.instagram.com/seoulcatcafe/​​[ 서울고양이입양카페 트위터 ]ID : @seoulcatcafe주소 : https://twitter.com/seoulcatcafe​​​​입양 상담 및 문의 전화 번호 : 02-2636-7650, 02-2636-7649, 02-2636-7645​"
순금(마포센터-임시보호가능),비숑프리제,4(세) 5(개월),2023-07-20,3.72,https://youtu.be/ot3b1aANzDE,N,https://youtu.be/ot3b1aANzDE,"유기와 파양이 반복된 상처를 지닌 순금입니다.유기되어 시보호소에 입소되었고 작은 체구에 인기 견종 비숑프리제로 치료를 해준다며 입양이 됐지만,많은 치료비가 문제였을까요? 입양간 지 2일만에 보호소 모습 그대로 파양되어 안락사가 될 위기가 되었습니다.센터에 입소후 혈액 검사부터 여러 검사를 했어요.기본적으로 심한 영양 결핍(매우 마름), 피부병, 안구궤양, 탈장, 중이염, 호흡기 질환 등 으로 귀에서 농이 흘러나오고 있는 상황이었어요.약욕, 안약, 신장 보조제 등으로 치료했으며 예전에 심했던 모습과는 반대로예쁘고 건강한 외모를 되찾고 있어요.(입양후 꾸준한 관리및 치료가 요구될 수 있습니다.)mri 검사 결과 항이뇨 호르몬이 부족해서 소변을 너무 많이 싸고 있다고 해요.그래서 호르몬제를 급여했고 다행이 정상 소변량과 식음량을 보이고 있습니다.또한 틱장애가 있어요.입을 오물 오물하는거라서 특별하게 생활하는데 문제 없어요.사람을 좋아하고 깨방정 성격인 비숑 견종 특성을 지녔습니다.요즘 유행으로 말하는 미니 비숑입니다.(비숑프리제+토이푸들 교배종)어린 나이에 비해 많이 아팠던 순금이예요.입양후 기본적인 관리비용으로 많은 지출이 요구될 수도 있습니다.(그러나 이것은 비단 순금만이 아닌 일반 아이들, 모든 반려동물에 해당되는 사항입니다.)호르몬제의 경우 평생 급여해야 됩니다.센터 입소때부터 매일 귀치료를 했던 기적적으로 24.07.01 치료가 완료되었습니다!!!!예쁜 외모보다는 입양후 고정 지출로 발생되는 사항등에 대해서 충분히 고민해 보시길 바랍니다.(현재는 기본적인 호르몬제만 급여하면 되는 상황입니다)예쁜 외모보다는 입양후 고정 지출로 발생되는 사항등에 대해서 충분히 고민해 보시길 바랍니다.패드 배변 훈련중이며  기본 훈련도 함께 하고 있습니다.다른 강아지들 신경쓰지 않고 대면 대면 지내요~맘에 드는 친구가 있다면 엄청 잘 놀아요~(콩쥬 베프!)(사회성 좋은 반려견이 있거나 외동으로 입양 가면 좋을 듯 합니다.)털빠짐이 적지만, 기본적으로 미용및 빗질이 필요한 아이예요.센터에서 1kg 증량되었지만 아직도 작은 체구의 아이랍니다^^순하고 애교도 많은 무릎 강아지!간식도 좋아하고~ 착해서  처음 반려견을 맞이하는 가정이나 어린 자녀를 지닌 가정등 어느 가정과도 적합합니다.여러번 버림 받은 마음의 상처와 함께  몸의 상처까지 치유해주실 평생가족을 기다립니다.아이들과 자원봉사자님과의 다양한 일상은 네이버 카페 자원봉사 후기 게시판을 통해 확인 가능합니다.순금이의 다양한 사진과 영상, 자원봉사자님과의 다양한 일상은 네이버 카페 자원봉사 후기 게시판을 통해 확인 가능합니다.카페클릭! -&gt;서울동물복지지원센터 : 네이버 카페 (naver.com)"
